
==================================================
UNIVERSE STARTED
==================================================
Loaded: 2372 stocks
UNIVERSE SUCCESS

==================================================
HISTORY STARTED
==================================================
100/2372
200/2372
300/2372
400/2372
500/2372
600/2372
700/2372
800/2372
900/2372
1000/2372
1100/2372
1200/2372
1300/2372
1400/2372
NIMBSPROJ added 1 candles
1500/2372
1600/2372
1700/2372
1800/2372
1900/2372
2000/2372
2100/2372
2200/2372
2300/2372
HISTORY SUCCESS

==================================================
FUNDAMENTALS STARTED
==================================================
Found 2372 symbols
20MICRONS fundamental saved
21STCENMGM fundamental saved
360ONE fundamental saved
3BBLACKBIO fundamental saved
3IINFOLTD fundamental saved
3MINDIA fundamental saved
3PLAND fundamental saved
5PAISA fundamental saved
63MOONS fundamental saved
A2ZINFRA fundamental saved
AAATECH fundamental saved
AADHARHFC fundamental saved
AAKASH fundamental saved
AAREYDRUGS fundamental saved
AARNAV fundamental saved
AARON fundamental saved
AARTECH fundamental saved
AARTIDRUGS fundamental saved
AARTIIND fundamental saved
AARTIPHARM fundamental saved
AARTISURF fundamental saved
AARVI fundamental saved
AAVAS fundamental saved
ABANSENT fundamental saved
ABB fundamental saved
ABBOTINDIA fundamental saved
ABCAPITAL fundamental saved
ABCOTS fundamental saved
ABDL fundamental saved
ABFRL fundamental saved
ABINFRA fundamental saved
ABLBL fundamental saved
ABMINTLLTD fundamental saved
ABMKNO fundamental saved
ABREL fundamental saved
ABSLAMC fundamental saved
ACC fundamental saved
ACCELYA fundamental saved
ACCURACY fundamental saved
ACE fundamental saved
ACEINTEG fundamental saved
ACI fundamental saved
ACL fundamental saved
ACMESOLAR fundamental saved
ACSTECH fundamental saved
ACUTAAS fundamental saved
ADANIENSOL fundamental saved
ADANIENT fundamental saved
ADANIGREEN fundamental saved
ADANIPORTS fundamental saved
50/2372 completed
ADANIPOWER fundamental saved
ADFFOODS fundamental saved
ADL fundamental saved
ADOR fundamental saved
ADROITINFO fundamental saved
ADSL fundamental saved
ADVAIT fundamental saved
ADVANCE fundamental saved
ADVANIHOTR fundamental saved
ADVENTHTL fundamental saved
ADVENZYMES fundamental saved
AEGISLOG fundamental saved
AEGISVOPAK fundamental saved
AEPL fundamental saved
AEQUS fundamental saved
AEROENTER fundamental saved
AEROFLEX fundamental saved
AERONEU fundamental saved
AETHER fundamental saved
AFCONS fundamental saved
AFFLE fundamental saved
AFFORDABLE fundamental saved
AFIL fundamental saved
AFSL fundamental saved
AGARIND fundamental saved
AGARWALEYE fundamental saved
AGI fundamental saved
AGIIL fundamental saved
AGRITECH fundamental saved
AGROPHOS fundamental saved
AHCL fundamental saved
AHLADA fundamental saved
AHLEAST fundamental saved
AHLUCONT fundamental saved
AHLWEST fundamental saved
AIAENG fundamental saved
AIIL fundamental saved
AIRAN fundamental saved
AIROLAM fundamental saved
AJANTPHARM fundamental saved
AJAXENGG fundamental saved
AJMERA fundamental saved
AJOONI fundamental saved
AKASH fundamental saved
AKCAPIT fundamental saved
AKG fundamental saved
AKI fundamental saved
AKSHAR fundamental saved
AKSHARCHEM fundamental saved
AKSHOPTFBR fundamental saved
100/2372 completed
AKUMS fundamental saved
ALANKIT fundamental saved
ALBERTDAVD fundamental saved
ALEMBICLTD fundamental saved
ALGOQUANT fundamental saved
ALICON fundamental saved
ALIVUS fundamental saved
ALKALI fundamental saved
ALKEM fundamental saved
ALKYLAMINE fundamental saved
ALLCARGO fundamental saved
ALLDIGI fundamental saved
ALLTIME fundamental saved
ALMONDZ fundamental saved
ALOKINDS fundamental saved
ALPA fundamental saved
ALPHAGEO fundamental saved
AMAGI fundamental saved
AMANTA fundamental saved
AMBALALSA fundamental saved
AMBER fundamental saved
AMBICAAGAR fundamental saved
AMBIKCO fundamental saved
AMBUJACEM fundamental saved
AMDIND fundamental saved
AMIRCHAND fundamental saved
AMJLAND fundamental saved
AMNPLST fundamental saved
AMRUTANJAN fundamental saved
ANANDRATHI fundamental saved
ANANTRAJ fundamental saved
ANDHRAPAP fundamental saved
ANDHRSUGAR fundamental saved
ANGELONE fundamental saved
ANIKINDS fundamental saved
ANKITMETAL fundamental saved
ANMOL fundamental saved
ANSALAPI fundamental saved
ANTELOPUS fundamental saved
ANTGRAPHIC fundamental saved
ANTHEM fundamental saved
ANUHPHR fundamental saved
ANUP fundamental saved
ANURAS fundamental saved
APARINDS fundamental saved
APCL fundamental saved
APCOTEXIND fundamental saved
APEX fundamental saved
APLAPOLLO fundamental saved
APLLTD fundamental saved
150/2372 completed
APOLLO fundamental saved
APOLLOHOSP fundamental saved
APOLLOPIPE fundamental saved
APOLLOTYRE fundamental saved
APOLSINHOT fundamental saved
APTECHT fundamental saved
APTUS fundamental saved
AQYLON fundamental saved
ARCHIDPLY fundamental saved
ARCHIES fundamental saved
ARE&M fundamental saved
ARENTERP fundamental saved
ARFIN fundamental saved
ARIES fundamental saved
ARIHANT fundamental saved
ARIHANTCAP fundamental saved
ARIHANTSUP fundamental saved
ARIS fundamental saved
ARKADE fundamental saved
ARMANFIN fundamental saved
AROGRANITE fundamental saved
ARROWGREEN fundamental saved
ARSHIYA fundamental saved
ARSSBL fundamental saved
ARTEMISMED fundamental saved
ARTNIRMAN fundamental saved
ARVEE fundamental saved
ARVIND fundamental saved
ARVINDFASN fundamental saved
ARVSMART fundamental saved
ASAHIINDIA fundamental saved
ASAHISONG fundamental saved
ASAL fundamental saved
ASALCBR fundamental saved
ASHAPURMIN fundamental saved
ASHIANA fundamental saved
ASHIKA fundamental saved
ASHIMASYN fundamental saved
ASHOKA fundamental saved
ASHOKAMET fundamental saved
ASHOKLEY fundamental saved
ASIANENE fundamental saved
ASIANHOTNR fundamental saved
ASIANPAINT fundamental saved
ASIANTILES fundamental saved
ASKAUTOLTD fundamental saved
ASMS fundamental saved
ASPINWALL fundamental saved
ASTAR fundamental saved
ASTEC fundamental saved
200/2372 completed
ASTERDM fundamental saved
ASTRAL fundamental saved
ASTRAMICRO fundamental saved
ASTRAZEN fundamental saved
ASTRON fundamental saved
ATALREAL fundamental saved
ATAM fundamental saved
ATGL fundamental saved
ATHERENERG fundamental saved
ATL fundamental saved
ATLANTAA fundamental saved
ATLANTAELE fundamental saved
ATLASCYCLE fundamental saved
ATUL fundamental saved
ATULAUTO fundamental saved
AUBANK fundamental saved
AURIGROW fundamental saved
AURIONPRO fundamental saved
AUROPHARMA fundamental saved
AURUM fundamental saved
AUSOMENT fundamental saved
AUTOAXLES fundamental saved
AUTOIND fundamental saved
AVADHSUGAR fundamental saved
AVALON fundamental saved
AVANTEL fundamental saved
AVANTIFEED fundamental saved
AVG fundamental saved
AVL fundamental saved
AVONMORE fundamental saved
AVROIND fundamental saved
AVTNPL fundamental saved
AWFIS fundamental saved
AWHCL fundamental saved
AWL fundamental saved
AXISBANK fundamental saved
AXISCADES fundamental saved
AXITA fundamental saved
AYE fundamental saved
AYMSYNTEX fundamental saved
AZAD fundamental saved
BAFNAPH fundamental saved
BAGFILMS fundamental saved
BAIDFIN fundamental saved
BAJAJ-AUTO fundamental saved
BAJAJCON fundamental saved
BAJAJELEC fundamental saved
BAJAJFINSV fundamental saved
BAJAJHCARE fundamental saved
BAJAJHFL fundamental saved
250/2372 completed
BAJAJHIND fundamental saved
BAJAJHLDNG fundamental saved
BAJAJINDEF fundamental saved
BAJAJST fundamental saved
BAJEL fundamental saved
BAJFINANCE fundamental saved
BALAJEE fundamental saved
BALAJITELE fundamental saved
BALAMINES fundamental saved
BALAXI fundamental saved
BALKRISHNA fundamental saved
BALKRISIND fundamental saved
BALMLAWRIE fundamental saved
BALPHARMA fundamental saved
BALRAMCHIN fundamental saved
BALUFORGE fundamental saved
BANARBEADS fundamental saved
BANARISUG fundamental saved
BANCOINDIA fundamental saved
BANDHANBNK fundamental saved
BANG fundamental saved
BANKA fundamental saved
BANKBARODA fundamental saved
BANKINDIA fundamental saved
BANSALWIRE fundamental saved
BANSWRAS fundamental saved
BASF fundamental saved
BASML fundamental saved
BATAINDIA fundamental saved
BATLIBOI fundamental saved
BAYERCROP fundamental saved
BBL fundamental saved
BBOX fundamental saved
BBTC fundamental saved
BBTCL fundamental saved
BCG fundamental saved
BCLIND fundamental saved
BCONCEPTS fundamental saved
BCPL fundamental saved
BDL fundamental saved
BEARDSELL fundamental saved
BECTORFOOD fundamental saved
BEDMUTHA fundamental saved
BEEKAY fundamental saved
BEL fundamental saved
BELLACASA fundamental saved
BELRISE fundamental saved
BEML fundamental saved
BENGALASM fundamental saved
BEPL fundamental saved
300/2372 completed
BERGEPAINT fundamental saved
BESTAGRO fundamental saved
BETA fundamental saved
BFINVEST fundamental saved
BFUTILITIE fundamental saved
BGRENERGY fundamental saved
BHAGCHEM fundamental saved
BHAGERIA fundamental saved
BHAGYANGR fundamental saved
BHANDARI fundamental saved
BHARATCOAL fundamental saved
BHARATFORG fundamental saved
BHARATGEAR fundamental saved
BHARATRAS fundamental saved
BHARATSE fundamental saved
BHARATWIRE fundamental saved
BHARTIARTL fundamental saved
BHARTIHEXA fundamental saved
BHEL fundamental saved
BI fundamental saved
BIGBLOC fundamental saved
BIKAJI fundamental saved
BIL fundamental saved
BILVYAPAR fundamental saved
BIMETAL fundamental saved
BIOCON fundamental saved
BIOFILCHEM fundamental saved
BIRLACABLE fundamental saved
BIRLACORPN fundamental saved
BIRLAMONEY fundamental saved
BIRLANU fundamental saved
BIRLAPREC fundamental saved
BLACKBUCK fundamental saved
BLACKROSE fundamental saved
BLAL fundamental saved
BLBLIMITED fundamental saved
BLIL fundamental saved
BLISSGVS fundamental saved
BLKASHYAP fundamental saved
BLS fundamental saved
BLSE fundamental saved
BLUECOAST fundamental saved
BLUEDART fundamental saved
BLUEJET fundamental saved
BLUESTARCO fundamental saved
BLUESTONE fundamental saved
BLUSPRING fundamental saved
BMWVENTLTD fundamental saved
BNAGROCHEM fundamental saved
BNALTD fundamental saved
350/2372 completed
BODALCHEM fundamental saved
BOHRAIND fundamental saved
BOMDYEING fundamental saved
BONLON fundamental saved
BORANA fundamental saved
BOROLTD fundamental saved
BORORENEW fundamental saved
BOROSCI fundamental saved
BOSCH-HCIL fundamental saved
BOSCHLTD fundamental saved
BPCL fundamental saved
BPL fundamental saved
BRIGADE fundamental saved
BRIGHOTEL fundamental saved
BRITANNIA fundamental saved
BRNL fundamental saved
BROOKS fundamental saved
BSE fundamental saved
BSHSL fundamental saved
BSL fundamental saved
BSOFT fundamental saved
BTML fundamental saved
BTTL fundamental saved
BUILDPRO fundamental saved
BUTTERFLY fundamental saved
BVCL fundamental saved
BYKE fundamental saved
CALSOFT fundamental saved
CAMLINFINE fundamental saved
CAMPUS fundamental saved
CAMS fundamental saved
CANBK fundamental saved
CANFINHOME fundamental saved
CANHLIFE fundamental saved
CANTABIL fundamental saved
CAPACITE fundamental saved
CAPILLARY fundamental saved
CAPITALSFB fundamental saved
CAPLIPOINT fundamental saved
CAPTRUST fundamental saved
CARBORUNIV fundamental saved
CARERATING fundamental saved
CARRARO fundamental saved
CARTRADE fundamental saved
CARYSIL fundamental saved
CASTROLIND fundamental saved
CCAVENUE fundamental saved
CCCL fundamental saved
CCHHL fundamental saved
CCL fundamental saved
400/2372 completed
CDSL fundamental saved
CEATLTD fundamental saved
CEIGALL fundamental saved
CEINSYS fundamental saved
CELEBRITY fundamental saved
CELLO fundamental saved
CEMPRO fundamental saved
CENTENKA fundamental saved
CENTEXT fundamental saved
CENTRALBK fundamental saved
CENTRUM fundamental saved
CENTUM fundamental saved
CENTURYPLY fundamental saved
CERA fundamental saved
CEREBRAINT fundamental saved
CESC fundamental saved
CEWATER fundamental saved
CGCL fundamental saved
CGPOWER fundamental saved
CHALET fundamental saved
CHAMBLFERT fundamental saved
CHEMBOND fundamental saved
CHEMBONDCH fundamental saved
CHEMCON fundamental saved
CHEMFAB fundamental saved
CHEMPLASTS fundamental saved
CHENNPETRO fundamental saved
CHEVIOT fundamental saved
CHOICEIN fundamental saved
CHOLAFIN fundamental saved
CHOLAHLDNG fundamental saved
CIEINDIA fundamental saved
CIFL fundamental saved
CINELINE fundamental saved
CINEVISTA fundamental saved
CIPLA fundamental saved
CLEAN fundamental saved
CLEANMAX fundamental saved
CLEDUCATE fundamental saved
CLSEL fundamental saved
CMPDI fundamental saved
CMRGREEN fundamental saved
CMSINFO fundamental saved
CNL fundamental saved
COALINDIA fundamental saved
COASTCORP fundamental saved
COCHINSHIP fundamental saved
COCKERILL fundamental saved
COFFEEDAY fundamental saved
COFORGE fundamental saved
450/2372 completed
COHANCE fundamental saved
COLPAL fundamental saved
COMFINTE fundamental saved
COMPINFO fundamental saved
COMPUSOFT fundamental saved
COMSYN fundamental saved
CONCOR fundamental saved
CONCORDBIO fundamental saved
CONFIPET fundamental saved
CONSOFINVT fundamental saved
CONTROLPR fundamental saved
CORALFINAC fundamental saved
CORDSCABLE fundamental saved
COROMANDEL fundamental saved
CORONA fundamental saved
COSMOFIRST fundamental saved
COUNCODOS fundamental saved
CPCAP fundamental saved
CPEDU fundamental saved
CPPLUS fundamental saved
CRAFTSMAN fundamental saved
CRAMC fundamental saved
CREATIVEYE fundamental saved
CREDITACC fundamental saved
CREST fundamental saved
CRISIL fundamental saved
CRIZAC fundamental saved
CROMPTON fundamental saved
CROWN fundamental saved
CSBBANK fundamental saved
CSLFINANCE fundamental saved
CTE fundamental saved
CUB fundamental saved
CUBEXTUB fundamental saved
CUMMINSIND fundamental saved
CUPID fundamental saved
CURAA fundamental saved
CYBERMEDIA fundamental saved
CYBERTECH fundamental saved
CYIENT fundamental saved
CYIENTDLM fundamental saved
DABUR fundamental saved
DAICHI fundamental saved
DALBHARAT fundamental saved
DALMIASUG fundamental saved
DAMCAPITAL fundamental saved
DAMODARIND fundamental saved
DANGEE fundamental saved
DATAMATICS fundamental saved
DATAPATTNS fundamental saved
500/2372 completed
DAVANGERE fundamental saved
DBCORP fundamental saved
DBEIL fundamental saved
DBL fundamental saved
DBOL fundamental saved
DBREALTY fundamental saved
DBSTOCKBRO fundamental saved
DCAL fundamental saved
DCBBANK fundamental saved
DCI fundamental saved
DCM fundamental saved
DCMFINSERV fundamental saved
DCMNVL fundamental saved
DCMSHRIRAM fundamental saved
DCMSIL fundamental saved
DCMSRIND fundamental saved
DCW fundamental saved
DCXINDIA fundamental saved
DDEVPLSTIK fundamental saved
DECCANCE fundamental saved
DECNGOLD fundamental saved
DEEDEV fundamental saved
DEEPAKFERT fundamental saved
DEEPAKNTR fundamental saved
DEEPINDS fundamental saved
DELHIVERY fundamental saved
DELPHIFX fundamental saved
DELTACORP fundamental saved
DELTAMAGNT fundamental saved
DEN fundamental saved
DENORA fundamental saved
DENTA fundamental saved
DEVIT fundamental saved
DEVX fundamental saved
DEVYANI fundamental saved
DGCONTENT fundamental saved
DHAMPURSUG fundamental saved
DHANBANK fundamental saved
DHANUKA fundamental saved
DHARAN fundamental saved
DHARMAJ fundamental saved
DHRUV fundamental saved
DHUNINV fundamental saved
DIACABS fundamental saved
DIAMINESQ fundamental saved
DIAMONDYD fundamental saved
DICIND fundamental saved
DIFFNKG fundamental saved
DIGIDRIVE fundamental saved
DIGISPICE fundamental saved
550/2372 completed
DIGITIDE fundamental saved
DIGJAMLMTD fundamental saved
DISAQ fundamental saved
DISHTV fundamental saved
DIVGIITTS fundamental saved
DIVISLAB fundamental saved
DIXON fundamental saved
DJML fundamental saved
DLF fundamental saved
DLINKINDIA fundamental saved
DMART fundamental saved
DMCC fundamental saved
DNAMEDIA fundamental saved
DODLA fundamental saved
DOLATALGO fundamental saved
DOLLAR fundamental saved
DOLPHIN fundamental saved
DOMS fundamental saved
DONEAR fundamental saved
DPABHUSHAN fundamental saved
DPSCLTD fundamental saved
DPWIRES fundamental saved
DRAGARWQ fundamental saved
DRCSYSTEMS fundamental saved
DREAMFOLKS fundamental saved
DREDGECORP fundamental saved
DRREDDY fundamental saved
DSFCL fundamental saved
DSSL fundamental saved
DTIL fundamental saved
DUCON fundamental saved
DVL fundamental saved
DWARKESH fundamental saved
DYCL fundamental saved
DYNAMATECH fundamental saved
DYNPRO fundamental saved
E2E fundamental saved
EASEMYTRIP fundamental saved
EASTSILK fundamental saved
EBGNG fundamental saved
ECLERX fundamental saved
ECOSMOBLTY fundamental saved
EDELWEISS fundamental saved
EFCIL fundamental saved
EICHERMOT fundamental saved
EIDPARRY fundamental saved
EIEL fundamental saved
EIFFL fundamental saved
EIHAHOTELS fundamental saved
EIHOTEL fundamental saved
600/2372 completed
EIMCOELECO fundamental saved
EKC fundamental saved
ELANTAS fundamental saved
ELCIDIN fundamental saved
ELDEHSG fundamental saved
ELECON fundamental saved
ELECTCAST fundamental saved
ELECTHERM fundamental saved
ELGIEQUIP fundamental saved
ELGIRUBCO fundamental saved
ELIN fundamental saved
ELITECON fundamental saved
ELLEN fundamental saved
ELPROINTL fundamental saved
EMAMILTD fundamental saved
EMAMIPAP fundamental saved
EMAMIREAL fundamental saved
EMBDL fundamental saved
EMCURE fundamental saved
EMIL fundamental saved
EMKAY fundamental saved
EMMBI fundamental saved
EMMVEE fundamental saved
EMPOWER fundamental saved
EMSLIMITED fundamental saved
EMUDHRA fundamental saved
ENDURANCE fundamental saved
ENERGYDEV fundamental saved
ENGINERSIN fundamental saved
ENIL fundamental saved
ENRIN fundamental saved
ENTERO fundamental saved
EPACK fundamental saved
EPACKPEB fundamental saved
EPIGRAL fundamental saved
EPL fundamental saved
EQUIPPP fundamental saved
EQUITASBNK fundamental saved
ERIS fundamental saved
ESABINDIA fundamental saved
ESAFSFB fundamental saved
ESCORTS fundamental saved
ESSARSHPNG fundamental saved
ESSENTIA fundamental saved
ESTER fundamental saved
ETERNAL fundamental saved
ETHOSLTD fundamental saved
EUREKAFORB fundamental saved
EUROBOND fundamental saved
EUROPRATIK fundamental saved
650/2372 completed
EUROTEXIND fundamental saved
EVEREADY fundamental saved
EVERESTIND fundamental saved
EXCELINDUS fundamental saved
EXCELSOFT fundamental saved
EXICOM fundamental saved
EXIDEIND fundamental saved
EXPLEOSOL fundamental saved
EXXARO fundamental saved
FABTECH fundamental saved
FACT fundamental saved
FAIRCHEMOR fundamental saved
FAZE3Q fundamental saved
FCL fundamental saved
FCSSOFT fundamental saved
FDC fundamental saved
FEDDERSHOL fundamental saved
FEDERALBNK fundamental saved
FEDFINA fundamental saved
FEL fundamental saved
FELDVR fundamental saved
FERMENTA fundamental saved
FIBERWEB fundamental saved
FIEMIND fundamental saved
FILATEX fundamental saved
FILATFASH fundamental saved
FINCABLES fundamental saved
FINEORG fundamental saved
FINKURVE fundamental saved
FINOPB fundamental saved
FINPIPE fundamental saved
FIRSTCRY fundamental saved
FISCHER fundamental saved
FIVESTAR fundamental saved
FLAIR fundamental saved
FLEXITUFF fundamental saved
FLFL fundamental saved
FLUOROCHEM fundamental saved
FMGOETZE fundamental saved
FMNL fundamental saved
FOCUS fundamental saved
FOODSIN fundamental saved
FORCEMOT fundamental saved
FORTIS fundamental saved
FOSECOIND fundamental saved
FRACTAL fundamental saved
FRONTSP fundamental saved
FSL fundamental saved
FUSION fundamental saved
GABRIEL fundamental saved
700/2372 completed
GAEL fundamental saved
GAIL fundamental saved
GALAPREC fundamental saved
GALAXYSURF fundamental saved
GALLANTT fundamental saved
GANDHAR fundamental saved
GANDHITUBE fundamental saved
GANECOS fundamental saved
GANESHBE fundamental saved
GANESHCP fundamental saved
GANESHHOU fundamental saved
GANGAFORGE fundamental saved
GANGESSECU fundamental saved
GARFIBRES fundamental saved
GARUDA fundamental saved
GATECH fundamental saved
GATECHDVR fundamental saved
GATEWAY fundamental saved
GAUDIUMIVF fundamental saved
GAYAHWS fundamental saved
GAYAPROJ fundamental saved
GCSL fundamental saved
GEECEE fundamental saved
GEEKAYWIRE fundamental saved
GEMAROMA fundamental saved
GENCON fundamental saved
GENESYS fundamental saved
GENUSPAPER fundamental saved
GENUSPOWER fundamental saved
GEOJITFSL fundamental saved
GESHIP fundamental saved
GFLLIMITED fundamental saved
GHCL fundamental saved
GHCLTEXTIL fundamental saved
GICHSGFIN fundamental saved
GICL fundamental saved
GICRE fundamental saved
GILLANDERS fundamental saved
GILLETTE fundamental saved
GINNIFILA fundamental saved
GIPCL fundamental saved
GKENERGY fundamental saved
GKSL fundamental saved
GKWLIMITED fundamental saved
GLAND fundamental saved
GLAXO fundamental saved
GLENMARK fundamental saved
GLFL fundamental saved
GLOBAL fundamental saved
GLOBALE fundamental saved
750/2372 completed
GLOBALVECT fundamental saved
GLOBE fundamental saved
GLOBECIVIL fundamental saved
GLOBUSSPR fundamental saved
GLOSTERLTD fundamental saved
GLOTTIS fundamental saved
GMBREW fundamental saved
GMDCLTD fundamental saved
GMMPFAUDLR fundamental saved
GMRAIRPORT fundamental saved
GMRP&UI fundamental saved
GNA fundamental saved
GNFC fundamental saved
GNRL fundamental saved
GOACARBON fundamental saved
GOCLCORP fundamental saved
GOCOLORS fundamental saved
GODAVARIB fundamental saved
GODFRYPHLP fundamental saved
GODIGIT fundamental saved
GODREJAGRO fundamental saved
GODREJCP fundamental saved
GODREJIND fundamental saved
GODREJPROP fundamental saved
GOKEX fundamental saved
GOKUL fundamental saved
GOKULAGRO fundamental saved
GOLDENTOBC fundamental saved
GOLDIAM fundamental saved
GOLDTECH fundamental saved
GOODLUCK fundamental saved
GOODYEAR fundamental saved
GOPAL fundamental saved
GOYALALUM fundamental saved
GPIL fundamental saved
GPPL fundamental saved
GPTHEALTH fundamental saved
GPTINFRA fundamental saved
GRADIENTE fundamental saved
GRANDOAK fundamental saved
GRANULES fundamental saved
GRAPHITE fundamental saved
GRASIM fundamental saved
GRAUWEIL fundamental saved
GRAVISSHO fundamental saved
GRAVITA fundamental saved
GREAVESCOT fundamental saved
GREENLAM fundamental saved
GREENPANEL fundamental saved
GREENPLY fundamental saved
800/2372 completed
GREENPOWER fundamental saved
GRINDWELL fundamental saved
GRINFRA fundamental saved
GRMOVER fundamental saved
GROBTEA fundamental saved
GROWW fundamental saved
GRPLTD fundamental saved
GRSE fundamental saved
GRWRHITECH fundamental saved
GSFC fundamental saved
GSLSU fundamental saved
GSPCROP fundamental saved
GSS fundamental saved
GTECJAINX fundamental saved
GTL fundamental saved
GTLINFRA fundamental saved
GTPL fundamental saved
GUFICBIO fundamental saved
GUJALKALI fundamental saved
GUJAPOLLO fundamental saved
GUJGASLTD fundamental saved
GUJRAFFIA fundamental saved
GUJTHEM fundamental saved
GULFOILLUB fundamental saved
GULFPETRO fundamental saved
GULPOLY fundamental saved
GVKPIL fundamental saved
GVPIL fundamental saved
GVPTECH fundamental saved
GVT&D fundamental saved
HAL fundamental saved
HALDER fundamental saved
HALDYNGL fundamental saved
HALEOSLABS fundamental saved
HAPPSTMNDS fundamental saved
HAPPYFORGE fundamental saved
HARDWYN fundamental saved
HARIOMPIPE fundamental saved
HARRMALAYA fundamental saved
HARSHA fundamental saved
HATHWAY fundamental saved
HATSUN fundamental saved
HAVELLS fundamental saved
HAVISHA fundamental saved
HAWKINCOOK fundamental saved
HBESD fundamental saved
HBLENGINE fundamental saved
HBSL fundamental saved
HCC fundamental saved
HCG fundamental saved
850/2372 completed
HCL-INSYS fundamental saved
HCLTECH fundamental saved
HDBFS fundamental saved
HDFCAMC fundamental saved
HDFCBANK fundamental saved
HDFCLIFE fundamental saved
HDIL fundamental saved
HEADSUP fundamental saved
HEALTHX fundamental saved
HECPROJECT fundamental saved
HEG fundamental saved
HEIDELBERG fundamental saved
HEMIPROP fundamental saved
HERANBA fundamental saved
HERITGFOOD fundamental saved
HEROMOTOCO fundamental saved
HESTERBIO fundamental saved
HEXAGON fundamental saved
HEXATRADEX fundamental saved
HEXT fundamental saved
HFCL fundamental saved
HGINFRA fundamental saved
HGM fundamental saved
HGS fundamental saved
HIKAL fundamental saved
HILINFRA fundamental saved
HILTON fundamental saved
HIMATSEIDE fundamental saved
HINDALCO fundamental saved
HINDCOMPOS fundamental saved
HINDCON fundamental saved
HINDCOPPER fundamental saved
HINDOILEXP fundamental saved
HINDPETRO fundamental saved
HINDUNILVR fundamental saved
HINDWAREAP fundamental saved
HINDZINC fundamental saved
HIRECT fundamental saved
HISARMETAL fundamental saved
HITECH fundamental saved
HITECHCORP fundamental saved
HITECHGEAR fundamental saved
HLEGLAS fundamental saved
HLVLTD fundamental saved
HMAAGRO fundamental saved
HMT fundamental saved
HMVL fundamental saved
HNDFDS fundamental saved
HOMEFIRST$KALYANI.NS: possibly delisted; no price data found  (period=5d)
 fundamental saved
HONASA fundamental saved
900/2372 completed
HONAUT fundamental saved
HONDAPOWER fundamental saved
HPAL fundamental saved
HPIL fundamental saved
HPL fundamental saved
HSCL fundamental saved
HTMEDIA fundamental saved
HUBTOWN fundamental saved
HUDCO fundamental saved
HUHTAMAKI fundamental saved
HYBRIDFIN fundamental saved
HYUNDAI fundamental saved
IBULLSLTD fundamental saved
ICDSLTD fundamental saved
ICEMAKE fundamental saved
ICICIAMC fundamental saved
ICICIBANK fundamental saved
ICICIGI fundamental saved
ICICIPRULI fundamental saved
ICIL fundamental saved
ICRA fundamental saved
IDBI fundamental saved
IDEA fundamental saved
IDEAFORGE fundamental saved
IDFCFIRSTB fundamental saved
IEX fundamental saved
IFBAGRO fundamental saved
IFBIND fundamental saved
IFCI fundamental saved
IFGLEXPOR fundamental saved
IGARASHI fundamental saved
IGCL fundamental saved
IGIL fundamental saved
IGL fundamental saved
IGPL fundamental saved
IIFL fundamental saved
IIFLCAPS fundamental saved
IITL fundamental saved
IKIO fundamental saved
IKS fundamental saved
IL&FSENGG fundamental saved
IL&FSTRANS fundamental saved
IMAGICAA fundamental saved
IMFA fundamental saved
IMPAL fundamental saved
INA fundamental saved
INCREDIBLE fundamental saved
INDBANK fundamental saved
INDGN fundamental saved
INDHOTEL fundamental saved
950/2372 completed
INDIACEM fundamental saved
INDIAGLYCO fundamental saved
INDIAMART fundamental saved
INDIANB fundamental saved
INDIANCARD fundamental saved
INDIANHUME fundamental saved
INDIASHLTR fundamental saved
INDIGO fundamental saved
INDIGOPNTS fundamental saved
INDIQUBE fundamental saved
INDNIPPON fundamental saved
INDOAMIN fundamental saved
INDOBORAX fundamental saved
INDOCO fundamental saved
INDOFARM fundamental saved
INDORAMA fundamental saved
INDOSTAR fundamental saved
INDOTECH fundamental saved
INDOTHAI fundamental saved
INDOUS fundamental saved
INDOWIND fundamental saved
INDPRUD fundamental saved
INDRAMEDCO fundamental saved
INDSWFTLAB fundamental saved
INDTERRAIN fundamental saved
INDUSINDBK fundamental saved
INDUSTOWER fundamental saved
INFOBEAN fundamental saved
INFOMEDIA fundamental saved
INFY fundamental saved
INGERRAND fundamental saved
INNOVACAP fundamental saved
INNOVANA fundamental saved
INNOVISION fundamental saved
INOXGREEN fundamental saved
INOXINDIA fundamental saved
INOXWIND fundamental saved
INSECTICID fundamental saved
INSPIRISYS fundamental saved
INTELLECT fundamental saved
INTENTECH fundamental saved
INTERARCH fundamental saved
INTLCONV fundamental saved
INVENTURE fundamental saved
INVPRECQ fundamental saved
IOB fundamental saved
IOC fundamental saved
IOLCP fundamental saved
IONEXCHANG fundamental saved
IPCALAB fundamental saved
1000/2372 completed
IPL fundamental saved
IRB fundamental saved
IRCON fundamental saved
IRCTC fundamental saved
IREDA fundamental saved
IRFC fundamental saved
IRIS fundamental saved
IRISDOREME fundamental saved
IRMENERGY fundamental saved
ISFT fundamental saved
ISGEC fundamental saved
ISHANCH fundamental saved
ITC fundamental saved
ITCHOTELS fundamental saved
ITDC fundamental saved
ITI fundamental saved
IVALUE fundamental saved
IVC fundamental saved
IVP fundamental saved
IWP fundamental saved
IXIGO fundamental saved
IZMO fundamental saved
J&KBANK fundamental saved
JAGRAN fundamental saved
JAGSNPHARM fundamental saved
JAIBALAJI fundamental saved
JAICORPLTD fundamental saved
JAINREC fundamental saved
JAIPURKURT fundamental saved
JAMNAAUTO fundamental saved
JARO fundamental saved
JASH fundamental saved
JAYAGROGN fundamental saved
JAYBARMARU fundamental saved
JAYKAY fundamental saved
JAYNECOIND fundamental saved
JAYSREETEA fundamental saved
JBCHEPHARM fundamental saved
JBMA fundamental saved
JETFREIGHT fundamental saved
JGCHEM fundamental saved
JHS fundamental saved
JINDALPHOT fundamental saved
JINDALPOLY fundamental saved
JINDALSAW fundamental saved
JINDALSTEL fundamental saved
JINDRILL fundamental saved
JINDWORLD fundamental saved
JIOFIN fundamental saved
JISLDVREQS fundamental saved
1050/2372 completed
JISLJALEQS fundamental saved
JITFINFRA fundamental saved
JKCEMENT fundamental saved
JKIL fundamental saved
JKIPL fundamental saved
JKLAKSHMI fundamental saved
JKPAPER fundamental saved
JKTYRE fundamental saved
JLHL fundamental saved
JMA fundamental saved
JMFINANCIL fundamental saved
JNKINDIA fundamental saved
JOCIL fundamental saved
JPOLYINVST fundamental saved
JPPOWER fundamental saved
JSFB fundamental saved
JSL fundamental saved
JSLL fundamental saved
JSWCEMENT fundamental saved
JSWDULUX fundamental saved
JSWENERGY fundamental saved
JSWHL fundamental saved
JSWINFRA fundamental saved
JSWSTEEL fundamental saved
JTEKTINDIA fundamental saved
JTLIND fundamental saved
JUBLCPL fundamental saved
JUBLFOOD fundamental saved
JUBLINGREA fundamental saved
JUBLPHARMA fundamental saved
JUNIPER fundamental saved
JUSTDIAL fundamental saved
JWL fundamental saved
JYOTHYLAB fundamental saved
JYOTICNC fundamental saved
JYOTISTRUC fundamental saved
KABRAEXTRU fundamental saved
KAJARIACER fundamental saved
KAKATCEM fundamental saved
KALAMANDIR fundamental saved
KALPATARU fundamental saved
KALYANI fundamental saved
KALYANIFRG fundamental saved
KALYANKJIL fundamental saved
KAMAHOLD fundamental saved
KAMATHOTEL fundamental saved
KAMDHENU fundamental saved
KAMOPAINTS fundamental saved
KANANIIND fundamental saved
KANCHI fundamental saved
1100/2372 completed
KANORICHEM fundamental saved
KANPRPLA fundamental saved
KANSAINER fundamental saved
KAPSTON fundamental saved
KARMAENG fundamental saved
KARURVYSYA fundamental saved
KAUSHALYA fundamental saved
KAVDEFENCE fundamental saved
KAYA fundamental saved
KAYNES fundamental saved
KCP fundamental saved
KCPSUGIND fundamental saved
KDDL fundamental saved
KEC fundamental saved
KECL fundamental saved
KEEPLEARN fundamental saved
KEI fundamental saved
KELLTONTEC fundamental saved
KENNAMET fundamental saved
KERNEX fundamental saved
KESORAMIND fundamental saved
KEYFINSERV fundamental saved
KFINTECH fundamental saved
KHADIM fundamental saved
KHAICHEM fundamental saved
KHAITANLTD fundamental saved
KHANDSE fundamental saved
KICL fundamental saved
KILITCH fundamental saved
KIMS fundamental saved
KINGFA fundamental saved
KIOCL fundamental saved
KIRANVYPAR fundamental saved
KIRIINDUS fundamental saved
KIRLFER fundamental saved
KIRLOSBROS fundamental saved
KIRLOSENG fundamental saved
KIRLOSIND fundamental saved
KIRLPNU fundamental saved
KISSHT fundamental saved
KITEX fundamental saved
KKCL fundamental saved
KLBRENG-B fundamental saved
KMEW fundamental saved
KMSUGAR fundamental saved
KNAGRI fundamental saved
KNRCON fundamental saved
KOHINOOR fundamental saved
KOKUYOCMLN fundamental saved
KOLTEPATIL fundamental saved
1150/2372 completed
KOPRAN fundamental saved
KOTAKBANK fundamental saved
KOTARISUG fundamental saved
KOTHARIPET fundamental saved
KOTHARIPRO fundamental saved
KOTIC fundamental saved
KOTYARK fundamental saved
KOVAI fundamental saved
KPEL fundamental saved
KPIGREEN fundamental saved
KPIL fundamental saved
KPITTECH fundamental saved
KPL fundamental saved
KPRMILL fundamental saved
KRBL fundamental saved
KREBSBIO fundamental saved
KRIDHANINF fundamental saved
KRISHANA fundamental saved
KRISHIVAL fundamental saved
KRISHNADEF fundamental saved
KRITI fundamental saved
KRITIKA fundamental saved
KRITINUT fundamental saved
KRN fundamental saved
KRONOX fundamental saved
KROSS fundamental saved
KRSNAA fundamental saved
KRYSTAL fundamental saved
KSB fundamental saved
KSCL fundamental saved
KSHINTL fundamental saved
KSHITIJPOL fundamental saved
KSL fundamental saved
KSOLVES fundamental saved
KSR fundamental saved
KTKBANK fundamental saved
KUANTUM fundamental saved
KWIL fundamental saved
LAGNAM fundamental saved
LAHOTIOV fundamental saved
LAKPRE fundamental saved
LAL fundamental saved
LALPATHLAB fundamental saved
LAMBODHARA fundamental saved
LANCORHOL fundamental saved
LANDMARK fundamental saved
LANDSMILL fundamental saved
LAOPALA fundamental saved
LASA fundamental saved
LATENTVIEW fundamental saved
1200/2372 completed
LATTEYS fundamental saved
LAURUSLABS fundamental saved
LAXMICOT fundamental saved
LAXMIDENTL fundamental saved
LAXMIINDIA fundamental saved
LCCINFOTEC fundamental saved
LEMERITE fundamental saved
LEMONTREE fundamental saved
LENSKART fundamental saved
LEXUS fundamental saved
LFIC fundamental saved
LGBBROSLTD fundamental saved
LGEINDIA fundamental saved
LGHL fundamental saved
LIBAS fundamental saved
LIBERTSHOE fundamental saved
LICHSGFIN fundamental saved
LICI fundamental saved
LIKHITHA fundamental saved
LINC fundamental saved
LINCOLN fundamental saved
LINDEINDIA fundamental saved
LLOYDSENGG fundamental saved
LLOYDSENT fundamental saved
LLOYDSME fundamental saved
LMW fundamental saved
LODHA fundamental saved
LOKESHMACH fundamental saved
LORDSCHLO fundamental saved
LOTUSDEV fundamental saved
LOTUSEYE fundamental saved
LOVABLE fundamental saved
LOYALTEX fundamental saved
LPDC fundamental saved
LT fundamental saved
LTF fundamental saved
LTFOODS fundamental saved
LTM fundamental saved
LTTS fundamental saved
LUMAXIND fundamental saved
LUMAXTECH fundamental saved
LUPIN fundamental saved
LUXIND fundamental saved
LXCHEM fundamental saved
LYKALABS fundamental saved
LYPSAGEMS fundamental saved
M&M fundamental saved
M&MFIN fundamental saved
MAANALU fundamental saved
MACPOWER fundamental saved
1250/2372 completed
MADHAV fundamental saved
MADHAVIPL fundamental saved
MADHUCON fundamental saved
MADRASFERT fundamental saved
MAFATIND fundamental saved
MAGADSUGAR fundamental saved
MAGNUM fundamental saved
MAHABANK fundamental saved
MAHAPEXLTD fundamental saved
MAHASTEEL fundamental saved
MAHEPC fundamental saved
MAHESHWARI fundamental saved
MAHLIFE fundamental saved
MAHLOG fundamental saved
MAHSCOOTER fundamental saved
MAHSEAMLES fundamental saved
MAITHANALL fundamental saved
MAJESAUT fundamental saved
MALLCOM fundamental saved
MALUPAPER fundamental saved
MAMATA fundamental saved
MANAKALUCO fundamental saved
MANAKCOAT fundamental saved
MANAKSIA fundamental saved
MANAKSTEEL fundamental saved
MANALIPETC fundamental saved
MANAPPURAM fundamental saved
MANBA fundamental saved
MANCREDIT fundamental saved
MANGALAM fundamental saved
MANGLMCEM fundamental saved
MANINDS fundamental saved
MANINFRA fundamental saved
MANKIND fundamental saved
MANOMAY fundamental saved
MANORAMA fundamental saved
MANORG fundamental saved
MANUGRAPH fundamental saved
MANYAVAR fundamental saved
MAPMYINDIA fundamental saved
MARALOVER fundamental saved
MARATHON fundamental saved
MARICO fundamental saved
MARINE fundamental saved
MARKOLINES fundamental saved
MARKSANS fundamental saved
MARSONS fundamental saved
MARUTI fundamental saved
MASFIN fundamental saved
MASKINVEST fundamental saved
1300/2372 completed
MASTEK fundamental saved
MASTERTR fundamental saved
MATRIMONY fundamental saved
MAWANASUG fundamental saved
MAXESTATES fundamental saved
MAXHEALTH fundamental saved
MAXIND fundamental saved
MAYURUNIQ fundamental saved
MAZDA fundamental saved
MAZDOCK fundamental saved
MBAPL fundamental saved
MBEL fundamental saved
MBLINFRA fundamental saved
MCCHRLS-B fundamental saved
MCL fundamental saved
MCLEODRUSS fundamental saved
MCLOUD fundamental saved
MCX fundamental saved
MEDANTA fundamental saved
MEDIASSIST fundamental saved
MEDICAMEQ fundamental saved
MEDICO fundamental saved
MEDPLUS fundamental saved
MEESHO fundamental saved
MEGASTAR fundamental saved
MEIL fundamental saved
MENNPIS fundamental saved
MENONBE fundamental saved
MEP fundamental saved
MERCANTILE fundamental saved
MERCURYEV fundamental saved
METROBRAND fundamental saved
METROGLOBL fundamental saved
METROPOLIS fundamental saved
MFML fundamental saved
MFSL fundamental saved
MGEL fundamental saved
MGL fundamental saved
MHLXMIRU fundamental saved
MHRIL fundamental saved
MICEL fundamental saved
MIDHANI fundamental saved
MIDWESTLTD fundamental saved
MINDACORP fundamental saved
MINDTECK fundamental saved
MIRZAINT fundamental saved
MITCON fundamental saved
MITTAL fundamental saved
MKPL fundamental saved
MMFL fundamental saved
1350/2372 completed
MMP fundamental saved
MMTC fundamental saved
MMWL fundamental saved
MOBIKWIK fundamental saved
MODINATUR fundamental saved
MODIRUBBER fundamental saved
MODIS fundamental saved
MODISONLTD fundamental saved
MODTHREAD fundamental saved
MOHITIND fundamental saved
MOIL fundamental saved
MOKSH fundamental saved
MOL fundamental saved
MOLDTECH fundamental saved
MOLDTKPAC fundamental saved
MONARCH fundamental saved
MONEYBOXX fundamental saved
MONTECARLO fundamental saved
MORARJEE fundamental saved
MOREPENLAB fundamental saved
MOSCHIP fundamental saved
MOTHERSON fundamental saved
MOTILALOFS fundamental saved
MOTISONS fundamental saved
MOTOGENFIN fundamental saved
MPHASIS fundamental saved
MPSLTD fundamental saved
MRF fundamental saved
MRPL fundamental saved
MSPL fundamental saved
MSTCLTD fundamental saved
MSUMI fundamental saved
MTARTECH fundamental saved
MTEDUCARE fundamental saved
MTNL fundamental saved
MUFIN fundamental saved
MUFTI fundamental saved
MUKANDLTD fundamental saved
MUKKA fundamental saved
MUKTAARTS fundamental saved
MUNJALAU fundamental saved
MUNJALSHOW fundamental saved
MURUDCERA fundamental saved
MUTHOOTCAP fundamental saved
MUTHOOTFIN fundamental saved
MUTHOOTMF fundamental saved
MVGJL fundamental saved
MWL fundamental saved
NACLIND fundamental saved
NAGREEKCAP fundamental saved
1400/2372 completed
NAGREEKEXP fundamental saved
NAHARCAP fundamental saved
NAHARINDUS fundamental saved
NAHARPOLY fundamental saved
NAHARSPING fundamental saved
NAM-INDIA fundamental saved
NARMADA fundamental saved
NATCAPSUQ fundamental saved
NATCOPHARM fundamental saved
NATHBIOGEN fundamental saved
NATIONALUM fundamental saved
NATIONSTD fundamental saved
NAUKRI fundamental saved
NAVA fundamental saved
NAVINFLUOR fundamental saved
NAVKARCORP fundamental saved
NAVKARURB fundamental saved
NAVNETEDUL fundamental saved
NAZARA fundamental saved
NBCC fundamental saved
NBIFIN fundamental saved
NCC fundamental saved
NCLIND fundamental saved
NDGL fundamental saved
NDL fundamental saved
NDLVENTURE fundamental saved
NDRAUTO fundamental saved
NDTV fundamental saved
NEAGI fundamental saved
NECCLTD fundamental saved
NECLIFE fundamental saved
NELCAST fundamental saved
NELCO fundamental saved
NEOGEN fundamental saved
NEPHROPLUS fundamental saved
NESCO fundamental saved
NESTLEIND fundamental saved
NETWEB fundamental saved
NETWORK18 fundamental saved
NEULANDLAB fundamental saved
NEWGEN fundamental saved
NEXTMEDIA fundamental saved
NFL fundamental saved
NGIL fundamental saved
NGLFINE fundamental saved
NH fundamental saved
NHPC fundamental saved
NIACL fundamental saved
NIBE fundamental saved
NIBL fundamental saved
1450/2372 completed
NIITLTD fundamental saved
NIITMTS fundamental saved
NILAINFRA fundamental saved
NILASPACES fundamental saved
NILE fundamental saved
NILKAMAL fundamental saved
NIMBSPROJ fundamental saved
NINSYS fundamental saved
NIPPOBATRY fundamental saved
NIRAJ fundamental saved
NIRAJISPAT fundamental saved
NIRLON fundamental saved
NITCO fundamental saved
NITINSPIN fundamental saved
NITIRAJ fundamental saved
NITTAGELA fundamental saved
NIVABUPA fundamental saved
NKIND fundamental saved
NLCINDIA fundamental saved
NMDC fundamental saved
NOCIL fundamental saved
NOIDATOLL fundamental saved
NORBTEAEXP fundamental saved
NORTHARC fundamental saved
NOVAAGRI fundamental saved
NOVARTIND fundamental saved
NPST fundamental saved
NRAIL fundamental saved
NRBBEARING fundamental saved
NRL fundamental saved
NSIL fundamental saved
NSLNISP fundamental saved
NTPC fundamental saved
NTPCGREEN fundamental saved
NUCLEUS fundamental saved
NURECA fundamental saved
NUVAMA fundamental saved
NUVOCO fundamental saved
NYKAA fundamental saved
OAL fundamental saved
OBCL fundamental saved
OBEROIRLTY fundamental saved
OCCLLTD fundamental saved
ODIGMA fundamental saved
OFSS fundamental saved
OIL fundamental saved
OILCOUNTUB fundamental saved
OLAELEC fundamental saved
OLECTRA fundamental saved
OMAXAUTO fundamental saved
1500/2372 completed
OMAXE fundamental saved
OMFREIGHT fundamental saved
OMINFRAL fundamental saved
OMNI fundamental saved
OMPOWER fundamental saved
ONELIFECAP fundamental saved
ONEPOINT fundamental saved
ONESOURCE fundamental saved
ONGC fundamental saved
ONIDA fundamental saved
ONMOBILE fundamental saved
ONWARDTEC fundamental saved
OPTIEMUS fundamental saved
ORBTEXP fundamental saved
ORCHASP fundamental saved
ORCHPHARMA fundamental saved
ORICONENT fundamental saved
ORIENTALTL fundamental saved
ORIENTBELL fundamental saved
ORIENTCEM fundamental saved
ORIENTCER fundamental saved
ORIENTELEC fundamental saved
ORIENTHOT fundamental saved
ORIENTLTD fundamental saved
ORIENTPPR fundamental saved
ORIENTTECH fundamental saved
ORISSAMINE fundamental saved
ORKLAINDIA fundamental saved
ORTEL fundamental saved
ORTINGLOBE fundamental saved
OSIAHYPER fundamental saved
OSWALAGRO fundamental saved
OSWALGREEN fundamental saved
OSWALPUMPS fundamental saved
OSWALSEEDS fundamental saved
PACEDIGITK fundamental saved
PAGEIND fundamental saved
PAISALO fundamental saved
PAKKA fundamental saved
PALASHSECU fundamental saved
PALREDTEC fundamental saved
PANACEABIO fundamental saved
PANACHE fundamental saved
PANAMAPET fundamental saved
PANSARI fundamental saved
PAR fundamental saved
PARACABLES fundamental saved
PARADEEP fundamental saved
PARAGMILK fundamental saved
PARAS fundamental saved
1550/2372 completed
PARASPETRO fundamental saved
PARKHOSPS fundamental saved
PARKHOTELS fundamental saved
PARSVNATH fundamental saved
PASHUPATI fundamental saved
PASUPTAC fundamental saved
PATANJALI fundamental saved
PATELENG fundamental saved
PATELRMART fundamental saved
PATINTLOG fundamental saved
PAUSHAKLTD fundamental saved
PAVNAIND fundamental saved
PAYTM fundamental saved
PCBL fundamental saved
PCJEWELLER fundamental saved
PDMJEPAPER fundamental saved
PDSL fundamental saved
PEARLPOLY fundamental saved
PENIND fundamental saved
PENINLAND fundamental saved
PERSISTENT fundamental saved
PETRONET fundamental saved
PFC fundamental saved
PFIZER fundamental saved
PFOCUS fundamental saved
PFS fundamental saved
PGEL fundamental saved
PGHH fundamental saved
PGHL fundamental saved
PGIL fundamental saved
PHOENIXLTD fundamental saved
PICCADIL fundamental saved
PIDILITIND fundamental saved
PIGL fundamental saved
PIIND fundamental saved
PILANIINVS fundamental saved
PILITA fundamental saved
PINELABS fundamental saved
PIONEEREMB fundamental saved
PIONRINV fundamental saved
PIRAMALFIN fundamental saved
PITTIENG fundamental saved
PIXTRANS fundamental saved
PKTEA fundamental saved
PLASTIBLEN fundamental saved
PLATIND fundamental saved
PLAZACABLE fundamental saved
PML fundamental saved
PNB fundamental saved
PNBGILTS fundamental saved
1600/2372 completed
PNBHOUSING fundamental saved
PNC fundamental saved
PNCINFRA fundamental saved
PNGJL fundamental saved
PNGSREVA fundamental saved
POCL fundamental saved
PODDARMENT fundamental saved
POKARNA fundamental saved
POLICYBZR fundamental saved
POLYCAB fundamental saved
POLYMED fundamental saved
POLYPLEX fundamental saved
PONNIERODE fundamental saved
POONAWALLA fundamental saved
POWERGRID fundamental saved
POWERICA fundamental saved
POWERINDIA fundamental saved
POWERMECH fundamental saved
PPAP fundamental saved
PPL fundamental saved
PPLPHARMA fundamental saved
PRABHA fundamental saved
PRADPME fundamental saved
PRAENG fundamental saved
PRAJIND fundamental saved
PRAKASH fundamental saved
PRAKASHSTL fundamental saved
PRAVEG fundamental saved
PRAXIS fundamental saved
PRECAM fundamental saved
PRECOT fundamental saved
PRECWIRE fundamental saved
PREMCO fundamental saved
PREMEXPLN fundamental saved
PREMIER fundamental saved
PREMIERENE fundamental saved
PREMIERPOL fundamental saved
PRESTIGE fundamental saved
PRICOLLTD fundamental saved
PRIMESECU fundamental saved
PRIMO fundamental saved
PRINCEPIPE fundamental saved
PRITI fundamental saved
PRITIKAUTO fundamental saved
PRIVISCL fundamental saved
PROSTARM fundamental saved
PROTEAN fundamental saved
PROZONER fundamental saved
PRSMJOHNSN fundamental saved
PRUDENT fundamental saved
1650/2372 completed
PRUDMOULI fundamental saved
PSB fundamental saved
PSPPROJECT fundamental saved
PTC fundamental saved
PTCIL fundamental saved
PTL fundamental saved
PUNJABCHEM fundamental saved
PURVA fundamental saved
PVP fundamental saved
PVRINOX fundamental saved
PVSL fundamental saved
PWL fundamental saved
PYRAMID fundamental saved
QMSMEDI fundamental saved
QPOWER fundamental saved
QUADFUTURE fundamental saved
QUESS fundamental saved
QUICKHEAL fundamental saved
QUINT fundamental saved
RACE fundamental saved
RACLGEAR fundamental saved
RADAAN fundamental saved
RADHIKAJWE fundamental saved
RADIANTCMS fundamental saved
RADICO fundamental saved
RADIOCITY fundamental saved
RAILTEL fundamental saved
RAIN fundamental saved
RAINBOW fundamental saved
RAJESHEXPO fundamental saved
RAJMET fundamental saved
RAJOOENG fundamental saved
RAJPALAYAM fundamental saved
RAJRATAN fundamental saved
RAJRILTD fundamental saved
RAJSREESUG fundamental saved
RAJTV fundamental saved
RALLIS fundamental saved
RAMANEWS fundamental saved
RAMAPHO fundamental saved
RAMASTEEL fundamental saved
RAMCOCEM fundamental saved
RAMCOIND fundamental saved
RAMCOSYS fundamental saved
RAMKY fundamental saved
RAMRAT fundamental saved
RANASUG fundamental saved
RANEHOLDIN fundamental saved
RATEGAIN fundamental saved
RATNAMANI fundamental saved
1700/2372 completed
RATNAVEER fundamental saved
RAYMOND fundamental saved
RAYMONDLSL fundamental saved
RAYMONDREL fundamental saved
RBA fundamental saved
RBLBANK fundamental saved
RBZJEWEL fundamental saved
RCF fundamental saved
RCOM fundamental saved
RECLTD fundamental saved
REDINGTON fundamental saved
REDTAPE fundamental saved
REFEX fundamental saved
REGAAL fundamental saved
REGENCERAM fundamental saved
RELAXO fundamental saved
RELCHEMQ fundamental saved
RELIABLE fundamental saved
RELIANCE fundamental saved
RELIGARE fundamental saved
RELTD fundamental saved
REMSONSIND fundamental saved
RENUKA fundamental saved
REPCOHOME fundamental saved
REPL fundamental saved
REPRO fundamental saved
RESPONIND fundamental saved
RETAIL fundamental saved
RGL fundamental saved
RHETAN fundamental saved
RHFL fundamental saved
RHIM fundamental saved
RHL fundamental saved
RICOAUTO fundamental saved
RIIL fundamental saved
RISHABH fundamental saved
RITCO fundamental saved
RITES fundamental saved
RKDL fundamental saved
RKEC fundamental saved
RKFORGE fundamental saved
RKSWAMY fundamental saved
RMC fundamental saved
RMDRIP fundamental saved
RML fundamental saved
RNBDENIMS fundamental saved
ROHLTD fundamental saved
ROLEXRINGS fundamental saved
ROLLT fundamental saved
ROML fundamental saved
1750/2372 completed
ROSSARI fundamental saved
ROSSELLIND fundamental saved
ROSSTECH fundamental saved
ROTO fundamental saved
ROUTE fundamental saved
RPEL fundamental saved
RPGLIFE fundamental saved
RPOWER fundamental saved
RPPINFRA fundamental saved
RPPL fundamental saved
RPSGVENT fundamental saved
RPTECH fundamental saved
RRIL fundamental saved
RRKABEL fundamental saved
RSDFIN fundamental saved
RSL fundamental saved
RSSOFTWARE fundamental saved
RSWM fundamental saved
RSYSTEMS fundamental saved
RTNINDIA fundamental saved
RTNPOWER fundamental saved
RUBFILA fundamental saved
RUBICON fundamental saved
RUBYMILLS fundamental saved
RUCHINFRA fundamental saved
RUCHIRA fundamental saved
RUDRA fundamental saved
RUPA fundamental saved
RUSHIL fundamental saved
RUSTOMJEE fundamental saved
RVHL fundamental saved
RVNL fundamental saved
RVTH fundamental saved
S&SPOWER fundamental saved
SAATVIKGL fundamental saved
SABEVENTS fundamental saved
SADBHAV fundamental saved
SADBHIN fundamental saved
SADHNANIQ fundamental saved
SAFARI fundamental saved
SAGARDEEP fundamental saved
SAGCEM fundamental saved
SAGILITY fundamental saved
SAHLIBHFI fundamental saved
SAHYADRI fundamental saved
SAIL fundamental saved
SAILIFE fundamental saved
SAIPARENT fundamental saved
SAKAR fundamental saved
SAKHTISUG fundamental saved
1800/2372 completed
SAKSOFT fundamental saved
SAKUMA fundamental saved
SALASAR fundamental saved
SALONA fundamental saved
SALSTEEL fundamental saved
SALZERELEC fundamental saved
SAMBHAAV fundamental saved
SAMBHV fundamental saved
SAMHI fundamental saved
SAMMAANCAP fundamental saved
SAMPANN fundamental saved
SANATHAN fundamental saved
SANDESH fundamental saved
SANDHAR fundamental saved
SANDUMA fundamental saved
SANGAMIND fundamental saved
SANGHVIMOV fundamental saved
SANGINITA fundamental saved
SANOFI fundamental saved
SANOFICONR fundamental saved
SANSERA fundamental saved
SANSTAR fundamental saved
SANWARIA fundamental saved
SAPPHIRE fundamental saved
SAPPL fundamental saved
SARDAEN fundamental saved
SAREGAMA fundamental saved
SARLAPOLY fundamental saved
SARVESHWAR fundamental saved
SASKEN fundamental saved
SATIA fundamental saved
SATIN fundamental saved
SAURASHCEM fundamental saved
SAYAJIHOTL fundamental saved
SBC fundamental saved
SBCL fundamental saved
SBFC fundamental saved
SBGLP fundamental saved
SBICARD fundamental saved
SBILIFE fundamental saved
SBIN fundamental saved
SCANSTL fundamental saved
SCHAEFFLER fundamental saved
SCHAND fundamental saved
SCHNEIDER fundamental saved
SCI fundamental saved
SCILAL fundamental saved
SCODATUBES fundamental saved
SCPL fundamental saved
SDBL fundamental saved
1850/2372 completed
SEAMECLTD fundamental saved
SECMARK fundamental saved
SECURKLOUD fundamental saved
SEDEMAC fundamental saved
SEIL fundamental saved
SEJALLTD fundamental saved
SELMC fundamental saved
SEMAC fundamental saved
SENCO fundamental saved
SENORES fundamental saved
SEPC fundamental saved
SERVOTECH fundamental saved
SESHAPAPER fundamental saved
SETCO fundamental saved
SETL fundamental saved
SETUINFRA fundamental saved
SEYAIND fundamental saved
SFL fundamental saved
SGFIN fundamental saved
SGIL fundamental saved
SGL fundamental saved
SGMART fundamental saved
SHADOWFAX fundamental saved
SHAH fundamental saved
SHAHALLOYS fundamental saved
SHAILY fundamental saved
SHAKTIPUMP fundamental saved
SHALBY fundamental saved
SHALPAINTS fundamental saved
SHANKARA fundamental saved
SHANTI fundamental saved
SHANTIGEAR fundamental saved
SHANTIGOLD fundamental saved
SHARDACROP fundamental saved
SHARDAMOTR fundamental saved
SHARDUL fundamental saved
SHAREINDIA fundamental saved
SHBAJRG fundamental saved
SHEKHAWATI fundamental saved
SHEMAROO fundamental saved
SHILCTECH fundamental saved
SHILPAMED fundamental saved
SHINDL fundamental saved
SHIVALIK fundamental saved
SHIVAMAUTO fundamental saved
SHIVAMILLS fundamental saved
SHIVATEX fundamental saved
SHIVAUM fundamental saved
SHK fundamental saved
SHOPERSTOP fundamental saved
1900/2372 completed
SHRADHA fundamental saved
SHREDIGCEM fundamental saved
SHREECEM fundamental saved
SHREEJISPG fundamental saved
SHREEPUSHK fundamental saved
SHREERAMA fundamental saved
SHRENIK fundamental saved
SHREYANIND fundamental saved
SHRIKRISH fundamental saved
SHRINGARMS fundamental saved
SHRIPISTON fundamental saved
SHRIRAMFIN fundamental saved
SHRIRAMPPS fundamental saved
SHYAMCENT fundamental saved
SHYAMMETL fundamental saved
SHYAMTEL fundamental saved
SICAGEN fundamental saved
SIEMENS fundamental saved
SIGACHI fundamental saved
SIGIND fundamental saved
SIGMA fundamental saved
SIGMAADV fundamental saved
SIGNATURE fundamental saved
SIGNPOST fundamental saved
SIKA fundamental saved
SIKKO fundamental saved
SIL fundamental saved
SILGO fundamental saved
SILINV fundamental saved
SILLYMONKS fundamental saved
SILVERTUC fundamental saved
SIMBHALS fundamental saved
SIMPLEXINF fundamental saved
SINCLAIR fundamental saved
SINDHUTRAD fundamental saved
SINGERIND fundamental saved
SINTERCOM fundamental saved
SIRCA fundamental saved
SIS fundamental saved
SITINET fundamental saved
SIYSIL fundamental saved
SJS fundamental saved
SJVN fundamental saved
SKFINDIA fundamental saved
SKFINDUS fundamental saved
SKIPPER fundamental saved
SKMEGGPROD fundamental saved
SKYGOLD fundamental saved
SMARTLINK fundamental saved
SMARTWORKS fundamental saved
1950/2372 completed
SMCGLOBAL fundamental saved
SMLMAH fundamental saved
SMLT fundamental saved
SMSPHARMA fundamental saved
SNOWMAN fundamental saved
SOBHA fundamental saved
SOFTTECH fundamental saved
SOLARA fundamental saved
SOLARINDS fundamental saved
SOLARWORLD fundamental saved
SOLEX fundamental saved
SOMANYCERA fundamental saved
SOMATEX fundamental saved
SOMICONVEY fundamental saved
SONACOMS fundamental saved
SONAL fundamental saved
SONAMLTD fundamental saved
SONATSOFTW fundamental saved
SOTL fundamental saved
SOUTHBANK fundamental saved
SOUTHWEST fundamental saved
SPAL fundamental saved
SPANDANA fundamental saved
SPARC fundamental saved
SPCENET fundamental saved
SPECIALITY fundamental saved
SPECTRUM fundamental saved
SPENCERS fundamental saved
SPIC fundamental saved
SPLIL fundamental saved
SPLPETRO fundamental saved
SPMLINFRA fundamental saved
SPORTKING fundamental saved
SRD fundamental saved
SREEL fundamental saved
SRF fundamental saved
SRGHFL fundamental saved
SRHHYPOLTD fundamental saved
SRM fundamental saved
SRTL fundamental saved
SSDL fundamental saved
SSWL fundamental saved
STALLION fundamental saved
STANLEY fundamental saved
STAR fundamental saved
STARCEMENT fundamental saved
STARHEALTH fundamental saved
STARPAPER fundamental saved
STARTECK fundamental saved
STCINDIA fundamental saved
2000/2372 completed
STEELCAS fundamental saved
STEELCITY fundamental saved
STEELXIND fundamental saved
STEL fundamental saved
STERTOOLS fundamental saved
STLNETWORK fundamental saved
STLTECH fundamental saved
STOVEKRAFT fundamental saved
STUDDS fundamental saved
STYL fundamental saved
STYLAMIND fundamental saved
STYLEBAAZA fundamental saved
STYRENIX fundamental saved
SUBEXLTD fundamental saved
SUBROS fundamental saved
SUDARCOLOR fundamental saved
SUDARSCHEM fundamental saved
SUDEEPPHRM fundamental saved
SUKHJITS fundamental saved
SULA fundamental saved
SUMEET-RE fundamental saved
SUMEETINDS fundamental saved
SUMICHEM fundamental saved
SUMIT fundamental saved
SUMMITSEC fundamental saved
SUNCLAY fundamental saved
SUNDARAM fundamental saved
SUNDARMFIN fundamental saved
SUNDRMBRAK fundamental saved
SUNDRMFAST fundamental saved
SUNDROP fundamental saved
SUNFLAG fundamental saved
SUNPHARMA fundamental saved
SUNTECK fundamental saved
SUNTV fundamental saved
SUPERHOUSE fundamental saved
SUPERSPIN fundamental saved
SUPRAJIT fundamental saved
SUPREME fundamental saved
SUPREMEENG fundamental saved
SUPREMEIND fundamental saved
SUPREMEINF fundamental saved
SUPRIYA fundamental saved
SURAJEST fundamental saved
SURAJLTD fundamental saved
SURAKSHA fundamental saved
SURANASOL fundamental saved
SURANAT&P fundamental saved
SURYALA fundamental saved
SURYALAXMI fundamental saved
2050/2372 completed
SURYAROSNI fundamental saved
SURYODAY fundamental saved
SUTLEJTEX fundamental saved
SUVEN fundamental saved
SUVIDHAA fundamental saved
SUYOG fundamental saved
SUZLON fundamental saved
SVLL fundamental saved
SVPGLOB fundamental saved
SWANCORP fundamental saved
SWANDEF fundamental saved
SWARAJENG fundamental saved
SWELECTES fundamental saved
SWIGGY fundamental saved
SWSOLAR fundamental saved
SYMPHONY fundamental saved
SYNCOMF fundamental saved
SYNGENE fundamental saved
SYRMA fundamental saved
SYSTMTXC fundamental saved
TAALTECH fundamental saved
TAINWALCHM fundamental saved
TAJGVK fundamental saved
TAKE fundamental saved
TALBROAUTO fundamental saved
TAMBOLIIN fundamental saved
TANLA fundamental saved
TARACHAND fundamental saved
TARAPUR fundamental saved
TARC fundamental saved
TARIL fundamental saved
TARMAT fundamental saved
TARSONS fundamental saved
TASTYBITE fundamental saved
TATACAP fundamental saved
TATACHEM fundamental saved
TATACOMM fundamental saved
TATACONSUM fundamental saved
TATAELXSI fundamental saved
TATAINVEST fundamental saved
TATAPOWER fundamental saved
TATASTEEL fundamental saved
TATATECH fundamental saved
TATVA fundamental saved
TBOTEK fundamental saved
TBZ fundamental saved
TCC fundamental saved
TCI fundamental saved
TCIEXP fundamental saved
TCIFINANCE fundamental saved
2100/2372 completed
TCPLPACK fundamental saved
TCS fundamental saved
TDPOWERSYS fundamental saved
TEAMGTY fundamental saved
TEAMLEASE fundamental saved
TECHM fundamental saved
TECHNOE fundamental saved
TECHNVISN fundamental saved
TECILCHEM fundamental saved
TEGA fundamental saved
TEJASNET fundamental saved
TEMBO fundamental saved
TENNIND fundamental saved
TERASOFT fundamental saved
TEXINFRA fundamental saved
TEXMOPIPES fundamental saved
TEXRAIL fundamental saved
TFCILTD fundamental saved
TFL fundamental saved
TGBHOTELS fundamental saved
THACKER fundamental saved
THAKDEV fundamental saved
THANGAMAYL fundamental saved
THEINVEST fundamental saved
THEJO fundamental saved
THELEELA fundamental saved
THEMISMED fundamental saved
THERMAX fundamental saved
THOMASCOOK fundamental saved
THOMASCOTT fundamental saved
THYROCARE fundamental saved
TI fundamental saved
TICL fundamental saved
TIGERLOGS fundamental saved
TIIL fundamental saved
TIINDIA fundamental saved
TIJARIA fundamental saved
TIL fundamental saved
TIMETECHNO fundamental saved
TIMEX fundamental saved
TIMKEN fundamental saved
TINNARUBR fundamental saved
TIPSFILMS fundamental saved
TIPSMUSIC fundamental saved
TIRUMALCHM fundamental saved
TIRUPATIFL fundamental saved
TITAGARH fundamental saved
TITAN fundamental saved
TMB fundamental saved
TMCV fundamental saved
2150/2372 completed
TMPV fundamental saved
TNPETRO fundamental saved
TNPL fundamental saved
TNTELE fundamental saved
TOKYOPLAST fundamental saved
TOLINS fundamental saved
TORNTPHARM fundamental saved
TORNTPOWER fundamental saved
TOTAL fundamental saved
TOUCHWOOD fundamental saved
TPHQ fundamental saved
TPLPLASTEH fundamental saved
TRACXN fundamental saved
TRANSPEK fundamental saved
TRANSRAILL fundamental saved
TRANSWORLD fundamental saved
TRAVELFOOD fundamental saved
TREEHOUSE fundamental saved
TREJHARA fundamental saved
TREL fundamental saved
TRENT fundamental saved
TRF fundamental saved
TRIDENT fundamental saved
TRIGYN fundamental saved
TRITURBINE fundamental saved
TRIVENI fundamental saved
TRU fundamental saved
TRUALT fundamental saved
TSFINV fundamental saved
TTKHLTCARE fundamental saved
TTKPRESTIG fundamental saved
TTL fundamental saved
TTML fundamental saved
TVSELECT fundamental saved
TVSHLTD fundamental saved
TVSMOTOR fundamental saved
TVSSCS fundamental saved
TVSSRICHAK fundamental saved
TVTODAY fundamental saved
TVVISION fundamental saved
UBL fundamental saved
UCAL fundamental saved
UCOBANK fundamental saved
UDS fundamental saved
UEL fundamental saved
UFBL fundamental saved
UFLEX fundamental saved
UFO fundamental saved
UGARSUGAR fundamental saved
UGROCAP fundamental saved
2200/2372 completed
UJJIVANSFB fundamental saved
ULTRACEMCO fundamental saved
ULTRAMAR fundamental saved
UMAEXPORTS fundamental saved
UMESLTD fundamental saved
UMIYA-MRO fundamental saved
UNICHEMLAB fundamental saved
UNIDT fundamental saved
UNIECOM fundamental saved
UNIENTER fundamental saved
UNIINFO fundamental saved
UNIMECH fundamental saved
UNIONBANK fundamental saved
UNIPARTS fundamental saved
UNITDSPR fundamental saved
UNITECH fundamental saved
UNITEDPOLY fundamental saved
UNITEDTEA fundamental saved
UNIVASTU fundamental saved
UNIVCABLES fundamental saved
UNIVPHOTO fundamental saved
UNOMINDA fundamental saved
UPL fundamental saved
URAVIDEF fundamental saved
URBANCO fundamental saved
URJA fundamental saved
USHAMART fundamental saved
USK fundamental saved
UTIAMC fundamental saved
UTKARSHBNK fundamental saved
UTLSOLAR fundamental saved
UTTAMSUGAR fundamental saved
UYFINCORP fundamental saved
V2RETAIL fundamental saved
VADILALIND fundamental saved
VAIBHAVGBL fundamental saved
VAISHALI fundamental saved
VAKRANGEE fundamental saved
VALIANTLAB fundamental saved
VALIANTORG fundamental saved
VAML fundamental saved
VARDHACRLC fundamental saved
VARDMNPOLY fundamental saved
VARROC fundamental saved
VASCONEQ fundamental saved
VASWANI fundamental saved
VBL fundamental saved
VCL fundamental saved
VEDL fundamental saved
VEDPOWER fundamental saved
2250/2372 completed
VEEDOL fundamental saved
VELJAN fundamental saved
VENKEYS fundamental saved
VENTIVE fundamental saved
VENUSPIPES fundamental saved
VENUSREM fundamental saved
VERANDA fundamental saved
VERTOZ fundamental saved
VESUVIUS fundamental saved
VETO fundamental saved
VGL fundamental saved
VGUARD fundamental saved
VHL fundamental saved
VHLTD fundamental saved
VIDHIING fundamental saved
VIDYAWIRES fundamental saved
VIJAYA fundamental saved
VIJIFIN fundamental saved
VIKASECO fundamental saved
VIKASLIFE fundamental saved
VIKRAMSOLR fundamental saved
VIKRAN fundamental saved
VIMTALABS fundamental saved
VINATIORGA fundamental saved
VINCOFE fundamental saved
VINDHYATEL fundamental saved
VINEETLAB fundamental saved
VINNY fundamental saved
VINYLINDIA fundamental saved
VIPCLOTHNG fundamental saved
VIPIND fundamental saved
VIPULLTD fundamental saved
VIRINCHI fundamental saved
VISACHROME fundamental saved
VISAKAIND fundamental saved
VISHNU fundamental saved
VISHWARAJ fundamental saved
VISL fundamental saved
VITAL fundamental saved
VIVIANA fundamental saved
VIVIDHA fundamental saved
VIVIMEDLAB fundamental saved
VIYASH fundamental saved
VLEGOV fundamental saved
VLSFINANCE fundamental saved
VMART fundamental saved
VMM fundamental saved
VMSTMT fundamental saved
VOGL fundamental saved
VOLTAMP fundamental saved
2300/2372 completed
VOLTAS fundamental saved
VPRPL fundamental saved
VRAJ fundamental saved
VRLLOG fundamental saved
VSSL fundamental saved
VSTIND fundamental saved
VSTL fundamental saved
VSTTILLERS fundamental saved
VTL fundamental saved
WAAREEENER fundamental saved
WAAREEINDO fundamental saved
WAAREERTL fundamental saved
WABAG fundamental saved
WAKEFIT fundamental saved
WALCHANNAG fundamental saved
WANBURY fundamental saved
WCIL fundamental saved
WEALTH fundamental saved
WEBELSOLAR fundamental saved
WEIZMANIND fundamental saved
WEL fundamental saved
WELCORP fundamental saved
WELENT fundamental saved
WELINV fundamental saved
WELSPLSOL fundamental saved
WELSPUNLIV fundamental saved
WENDT fundamental saved
WESTLIFE fundamental saved
WEWIN fundamental saved
WEWORK fundamental saved
WHEELS fundamental saved
WHIRLPOOL fundamental saved
WILLAMAGOR fundamental saved
WINDLAS fundamental saved
WINDMACHIN fundamental saved
WINSOME fundamental saved
WIPL fundamental saved
WIPRO fundamental saved
WOCKPHARMA fundamental saved
WONDERLA fundamental saved
WORTHPERI fundamental saved
WPIL fundamental saved
WSI fundamental saved
WSTCSTPAPR fundamental saved
XCHANGING fundamental saved
XELPMOC fundamental saved
XPROINDIA fundamental saved
XTGLOBAL fundamental saved
YASHO fundamental saved
YATHARTH fundamental saved
2350/2372 completed
YATRA fundamental saved
YESBANK fundamental saved
YUKEN fundamental saved
ZAGGLE fundamental saved
ZEEL fundamental saved
ZEELEARN fundamental saved
ZEEMEDIA fundamental saved
ZENITHEXPO fundamental saved
ZENITHSTL fundamental saved
ZENSARTECH fundamental saved
ZENTEC fundamental saved
ZFCVINDIA fundamental saved
ZFSTEERING fundamental saved
ZIMLAB fundamental saved
ZODIAC fundamental saved
ZODIACLOTH fundamental saved
ZOTA fundamental saved
ZSARACOM fundamental saved
ZUARI fundamental saved
ZUARIIND fundamental saved
ZYDUSLIFE fundamental saved
ZYDUSWELL fundamental saved
FUNDAMENTALS SUCCESS

==================================================
IPO STARTED
==================================================
TOTAL: 2372
20MICRONS 2008-10-06
21STCENMGM 2018-01-11
360ONE 2019-09-19
3BBLACKBIO 2026-04-20
3IINFOLTD 2005-04-22
3MINDIA 2002-07-01
3PLAND 2008-03-11
5PAISA 2017-11-16
63MOONS 2005-06-20
A2ZINFRA 2010-12-23
AAATECH 2020-11-12
AADHARHFC 2024-05-15
AAKASH 2018-05-15
AAREYDRUGS 2021-08-06
AARNAV 2026-02-25
AARON 2018-09-18
AARTECH 2023-07-10
AARTIDRUGS 2003-09-19
AARTIIND 2002-07-01
AARTIPHARM 2023-01-30
AARTISURF 2020-07-14
AARVI 2017-10-06
AAVAS 2018-10-08
ABANSENT 2026-04-20
ABB 2002-07-01
ABBOTINDIA 2002-08-12
ABCAPITAL 2017-09-01
ABCOTS 2022-01-25
ABDL 2024-07-02
ABFRL 2013-07-17
ABINFRA 2019-07-30
ABLBL 2025-06-24
ABMINTLLTD 2016-06-29
ABMKNO 2026-04-20
ABREL 1996-01-01
ABSLAMC 2021-10-11
ACC 2002-07-01
ACCELYA 2002-07-01
ACCURACY 2018-07-06
ACE 2006-09-26
ACEINTEG 2017-07-13
ACI 2022-11-21
ACL 2010-11-08
ACMESOLAR 2024-11-13
ACSTECH 2026-04-20
ACUTAAS 2021-09-14
ADANIENSOL 2015-07-31
ADANIENT 2002-07-01
ADANIGREEN 2018-06-18
ADANIPORTS 2007-11-27
50/2372 completed
ADANIPOWER 2009-08-20
ADFFOODS 2010-09-15
ADL 2020-10-01
ADOR 2002-07-01
ADROITINFO 2015-10-13
ADSL 2007-07-25
ADVAIT 2026-01-20
ADVANCE 2025-10-08
ADVANIHOTR 2007-06-25
ADVENTHTL 2025-11-13
ADVENZYMES 2016-08-01
AEGISLOG 2002-07-01
AEGISVOPAK 2025-06-02
AEPL 2026-03-12
AEQUS 2025-12-10
AEROENTER 2022-11-21
AEROFLEX 2023-08-31
AERONEU 2023-01-12
AETHER 2022-06-03
AFCONS 2024-11-04
AFFLE 2019-08-08
AFFORDABLE 2024-10-23
AFIL 2024-06-26
AFSL 2022-12-23
AGARIND 2014-05-26
AGARWALEYE 2025-02-04
AGI 2002-07-01
AGIIL 2024-07-15
AGRITECH 2014-01-28
AGROPHOS 2017-03-15
AHCL 2025-09-03
AHLADA 2018-10-12
AHLEAST 2010-08-11
AHLUCONT 2009-12-14
AHLWEST 2010-08-05
AIAENG 2005-12-14
AIIL 2024-04-23
AIRAN 2017-07-25
AIROLAM 2017-10-06
AJANTPHARM 2002-07-01
AJAXENGG 2025-02-17
AJMERA 2006-09-27
AJOONI 2018-01-02
AKASH 2017-03-15
AKCAPIT 2026-04-20
AKG 2018-10-10
AKI 2023-04-06
AKSHAR 2022-05-23
AKSHARCHEM 2017-03-29
AKSHOPTFBR 2002-07-01
100/2372 completed
AKUMS 2024-08-06
ALANKIT 2015-06-30
ALBERTDAVD 2016-06-14
ALEMBICLTD 2002-07-01
ALGOQUANT 2026-01-06
ALICON 2006-10-03
ALIVUS 2021-08-06
ALKALI 2008-11-06
ALKEM 2015-12-23
ALKYLAMINE 2007-11-26
ALLCARGO 2006-06-23
ALLDIGI 2005-05-09
ALLTIME 2025-08-14
ALMONDZ 2008-06-16
ALOKINDS 1996-01-02
ALPA 2007-08-06
ALPHAGEO 2007-05-11
AMAGI 2026-01-21
AMANTA 2025-09-11
AMBALALSA 2026-04-22
AMBER 2018-01-30
AMBICAAGAR 2004-06-29
AMBIKCO 2008-01-29
AMBUJACEM 2002-07-01
AMDIND 2007-03-19
AMIRCHAND 2026-04-02
AMJLAND 2002-07-01
AMNPLST 2023-11-10
AMRUTANJAN 2009-11-05
ANANDRATHI 2021-12-14
ANANTRAJ 2006-09-27
ANDHRAPAP 1996-01-01
ANDHRSUGAR 2002-07-01
ANGELONE 2020-10-05
ANIKINDS 2008-05-21
ANKITMETAL 2013-03-14
ANMOL 2021-06-04
ANSALAPI 2006-01-27
ANTELOPUS 2006-09-26
ANTGRAPHIC 2002-07-01
ANTHEM 2025-07-21
ANUHPHR 2024-12-20
ANUP 2019-03-01
ANURAS 2021-03-24
APARINDS 2004-07-12
APCL 2017-04-10
APCOTEXIND 2002-08-12
APEX 2017-09-05
APLAPOLLO 2011-12-14
APLLTD 2011-09-20
150/2372 completed
APOLLO 2018-01-22
APOLLOHOSP 2002-07-01
APOLLOPIPE 2019-11-11
APOLLOTYRE 2002-01-01
APOLSINHOT 2015-02-16
APTECHT 2002-09-27
APTUS 2021-08-24
AQYLON 2002-07-01
ARCHIDPLY 2008-07-04
ARCHIES 2002-08-12
ARE&M 2002-07-01
ARENTERP 2017-11-07
ARFIN 2025-07-22
ARIES 2008-01-11
ARIHANT 2006-12-26
ARIHANTCAP 2021-06-15
ARIHANTSUP 2017-03-29
ARIS 2025-06-25
ARKADE 2024-09-24
ARMANFIN 2016-06-14
AROGRANITE 2007-04-24
ARROWGREEN 2015-05-21
ARSHIYA 2009-12-14
ARSSBL 2025-09-30
ARTEMISMED 2020-01-24
ARTNIRMAN 2017-03-15
ARVEE 2018-02-22
ARVIND 2002-07-01
ARVINDFASN 2019-03-08
ARVSMART 2015-08-26
ASAHIINDIA 2002-07-01
ASAHISONG 2011-08-29
ASAL 2002-07-01
ASALCBR 2020-02-12
ASHAPURMIN 1996-01-05
ASHIANA 2011-06-29
ASHIKA 2026-04-20
ASHIMASYN 2002-07-01
ASHOKA 2010-10-14
ASHOKAMET 2023-06-27
ASHOKLEY 2002-07-01
ASIANENE 2021-12-09
ASIANHOTNR 2002-07-01
ASIANPAINT 2002-07-01
ASIANTILES 2007-08-23
ASKAUTOLTD 2023-11-15
ASMS 2006-01-12
ASPINWALL 2016-06-14
ASTAR 2026-04-20
ASTEC 2009-11-25
200/2372 completed
ASTERDM 2018-02-26
ASTRAL 2007-03-20
ASTRAMICRO 2004-11-01
ASTRAZEN 2002-07-01
ASTRON 2017-12-29
ATALREAL 2020-11-19
ATAM 2023-05-10
ATGL 2018-11-05
ATHERENERG 2025-05-06
ATL 2023-08-10
ATLANTAA 2006-09-25
ATLANTAELE 2025-09-29
ATLASCYCLE 2002-07-01
ATUL 2002-07-01
ATULAUTO 2013-06-26
AUBANK 2017-07-11
AURIGROW 2018-05-25
AURIONPRO 2005-10-25
AUROPHARMA 1996-01-15
AURUM 2015-08-19
AUSOMENT 2002-07-18
AUTOAXLES 2002-07-01
AUTOIND 2007-01-31
AVADHSUGAR 2017-08-02
AVALON 2023-04-18
AVANTEL 2024-07-31
AVANTIFEED 2010-01-08
AVG 2018-04-25
AVL 2024-11-06
AVONMORE 2023-01-04
AVROIND 2018-08-09
AVTNPL 2007-01-10
AWFIS 2024-05-30
AWHCL 2021-01-01
AWL 2022-02-08
AXISBANK 1998-11-27
AXISCADES 2002-07-01
AXITA 2022-06-21
AYE 2026-02-16
AYMSYNTEX 2015-08-14
AZAD 2023-12-28
BAFNAPH 2012-11-12
BAGFILMS 2003-10-17
BAIDFIN 2023-01-20
BAJAJ-AUTO 2002-07-01
BAJAJCON 2010-08-18
BAJAJELEC 2007-11-02
BAJAJFINSV 2002-08-12
BAJAJHCARE 2021-11-25
BAJAJHFL 2024-09-16
250/2372 completed
BAJAJHIND 2002-07-01
BAJAJHLDNG 2002-08-12
BAJAJINDEF 2025-02-21
BAJAJST 2026-04-21
BAJEL 2023-12-19
BAJFINANCE 2002-07-01
BALAJEE 2024-09-12
BALAJITELE 2002-07-01
BALAMINES 2007-04-05
BALAXI 2015-12-01
BALKRISHNA 2015-07-28
BALKRISIND 2006-01-27
BALMLAWRIE 2002-07-01
BALPHARMA 2006-05-08
BALRAMCHIN 2002-07-01
BALUFORGE 2024-04-29
BANARBEADS 2011-12-29
BANARISUG 2002-07-01
BANCOINDIA 2006-12-22
BANDHANBNK 2018-03-27
BANG 2008-02-20
BANKA 2018-02-27
BANKBARODA 2002-07-01
BANKINDIA 2002-07-01
BANSALWIRE 2024-07-10
BANSWRAS 2007-04-11
BASF 2002-07-01
BASML 2005-11-14
BATAINDIA 2002-07-01
BATLIBOI 2026-04-15
BAYERCROP 2010-01-08
BBL 2006-11-21
BBOX 2002-07-01
BBTC 2002-07-01
BBTCL 2018-10-31
BCG 2015-05-08
BCLIND 2021-03-04
BCONCEPTS 2018-01-12
BCPL 2026-03-27
BDL 2018-03-23
BEARDSELL 2010-01-08
BECTORFOOD 2020-12-24
BEDMUTHA 2010-10-14
BEEKAY 2026-04-20
BEL 2002-07-01
BELLACASA 2025-07-18
BELRISE 2025-05-28
BEML 2002-07-01
BENGALASM 2026-04-20
BEPL 2005-03-21
300/2372 completed
BERGEPAINT 2002-07-01
BESTAGRO 2021-02-22
BETA 2017-10-13
BFINVEST 2011-01-14
BFUTILITIE 2007-05-03
BGRENERGY 2008-01-03
BHAGCHEM 2021-10-18
BHAGERIA 2016-03-02
BHAGYANGR 2002-07-02
BHANDARI 2017-01-30
BHARATCOAL 2026-01-19
BHARATFORG 1996-01-01
BHARATGEAR 2002-07-01
BHARATRAS 2002-07-01
BHARATSE 2025-03-25
BHARATWIRE 2016-04-01
BHARTIARTL 2002-07-01
BHARTIHEXA 2024-04-12
BHEL 1996-01-01
BI 2026-04-20
BIGBLOC 2016-09-02
BIKAJI 2022-11-16
BIL 2002-07-01
BILVYAPAR 2002-08-12
BIMETAL 2026-04-15
BIOCON 2004-04-07
BIOFILCHEM 2017-07-27
BIRLACABLE 2002-07-01
BIRLACORPN 2002-07-01
BIRLAMONEY 2008-02-07
BIRLANU 1996-01-01
BIRLAPREC 2026-04-20
BLACKBUCK 2024-11-22
BLACKROSE 2026-04-20
BLAL 2023-04-19
BLBLIMITED 2002-08-12
BLIL 2026-04-20
BLISSGVS 2010-07-26
BLKASHYAP 2006-03-17
BLS 2016-06-15
BLSE 2024-02-06
BLUECOAST 2000-02-16
BLUEDART 2002-07-01
BLUEJET 2023-11-01
BLUESTARCO 2002-07-01
BLUESTONE 2025-08-19
BLUSPRING 2025-06-11
BMWVENTLTD 2025-10-01
BNAGROCHEM 2026-04-20
BNALTD 2026-04-20
350/2372 completed
BODALCHEM 2011-08-22
BOHRAIND 2017-07-24
BOMDYEING 1996-01-01
BONLON 2026-02-23
BORANA 2025-05-27
BOROLTD 2020-07-22
BORORENEW 2018-05-25
BOROSCI 2024-06-07
BOSCH-HCIL 1999-01-01
BOSCHLTD 2002-07-01
BPCL 1996-01-02
BPL 2002-07-01
BRIGADE 2007-12-31
BRIGHOTEL 2025-07-31
BRITANNIA 1996-01-02
BRNL 2017-09-18
BROOKS 2011-09-05
BSE 2017-02-03
BSHSL 2018-05-10
BSL 2002-07-01
BSOFT 2002-07-01
BTML 2020-11-12
BTTL 2026-04-22
BUILDPRO 2026-01-09
BUTTERFLY 2014-04-28
BVCL 2007-11-23
BYKE 2011-12-30
CALSOFT 2002-07-01
CAMLINFINE 2015-01-20
CAMPUS 2022-05-09
CAMS 2020-10-05
CANBK 2002-12-23
CANFINHOME 2002-07-01
CANHLIFE 2025-10-17
CANTABIL 2010-10-12
CAPACITE 2017-09-25
CAPILLARY 2025-11-21
CAPITALSFB 2024-02-14
CAPLIPOINT 2014-06-23
CAPTRUST 2017-01-16
CARBORUNIV 2002-07-01
CARERATING 2012-12-26
CARRARO 2024-12-30
CARTRADE 2021-08-20
CARYSIL 2021-01-14
CASTROLIND 2002-08-12
CCAVENUE 2016-04-04
CCCL 2007-10-15
CCHHL 2015-02-03
CCL 2004-06-07
400/2372 completed
CDSL 2017-06-30
CEATLTD 2008-02-01
CEIGALL 2024-08-08
CEINSYS 2026-02-19
CELEBRITY 2006-01-12
CELLO 2023-11-06
CEMPRO 2002-07-01
CENTENKA 1999-01-01
CENTEXT 2002-07-01
CENTRALBK 2007-08-21
CENTRUM 2018-04-04
CENTUM 2003-09-12
CENTURYPLY 2006-03-23
CERA 2007-11-02
CEREBRAINT 2013-06-26
CESC 2002-07-01
CEWATER 2024-12-27
CGCL 2010-10-29
CGPOWER 2002-07-01
CHALET 2019-02-07
CHAMBLFERT 2002-07-01
CHEMBOND 2019-11-20
CHEMBONDCH 2025-07-23
CHEMCON 2020-10-01
CHEMFAB 2018-04-25
CHEMPLASTS 2021-08-24
CHENNPETRO 2002-07-01
CHEVIOT 2022-06-20
CHOICEIN 2022-04-08
CHOLAFIN 2002-07-01
CHOLAHLDNG 2002-07-01
CIEINDIA 2007-08-30
CIFL 2025-04-17
CINELINE 2007-02-14
CINEVISTA 2002-07-01
CIPLA 1996-01-01
CLEAN 2021-07-19
CLEANMAX 2026-03-02
CLEDUCATE 2017-04-03
CLSEL 2021-05-12
CMPDI 2026-03-30
CMRGREEN 2026-06-10
CMSINFO 2021-12-31
CNL 2017-07-27
COALINDIA 2010-11-04
COASTCORP 2021-10-08
COCHINSHIP 2017-08-11
COCKERILL 2026-04-22
COFFEEDAY 2015-11-02
COFORGE 2004-08-30
450/2372 completed
COHANCE 2020-03-09
COLPAL 2002-07-01
COMFINTE 2026-04-20
COMPINFO 2010-10-01
COMPUSOFT 2012-03-02
COMSYN 2024-01-23
CONCOR 2002-07-01
CONCORDBIO 2023-08-18
CONFIPET 2020-10-23
CONSOFINVT 2002-07-01
CONTROLPR 2016-06-24
CORALFINAC 2017-03-29
CORDSCABLE 2008-02-13
COROMANDEL 2002-08-12
CORONA 2025-12-15
COSMOFIRST 1999-01-01
COUNCODOS 2002-07-01
CPCAP 2010-10-06
CPEDU 2025-09-05
CPPLUS 2025-08-05
CRAFTSMAN 2021-03-25
CRAMC 2025-10-16
CREATIVEYE 2002-07-01
CREDITACC 2018-08-23
CREST 2006-12-27
CRISIL 2002-07-01
CRIZAC 2025-07-09
CROMPTON 2016-05-13
CROWN 2017-03-16
CSBBANK 2019-12-04
CSLFINANCE 2022-07-21
CTE 2007-02-07
CUB 2002-07-01
CUBEXTUB 2008-01-25
CUMMINSIND 2002-07-01
CUPID 2016-09-16
CURAA 2002-07-01
CYBERMEDIA 2005-06-10
CYBERTECH 2002-07-01
CYIENT 2006-07-28
CYIENTDLM 2023-07-10
DABUR 2002-07-01
DAICHI 2026-04-21
DALBHARAT 2018-12-21
DALMIASUG 2002-07-01
DAMCAPITAL 2024-12-27
DAMODARIND 2016-07-04
DANGEE 2018-09-18
DATAMATICS 2004-05-07
DATAPATTNS 2021-12-24
500/2372 completed
DAVANGERE 2024-01-25
DBCORP 2010-01-06
DBEIL 2024-10-28
DBL 2016-08-11
DBOL 2022-09-08
DBREALTY 2010-02-24
DBSTOCKBRO 2012-02-29
DCAL 2004-04-22
DCBBANK 2006-10-27
DCI 2020-01-10
DCM 2002-07-01
DCMFINSERV 2002-08-12
DCMNVL 2019-07-16
DCMSHRIRAM 2002-07-01
DCMSIL 2026-02-17
DCMSRIND 2021-12-24
DCW 2002-07-01
DCXINDIA 2022-11-11
DDEVPLSTIK 2025-01-15
DECCANCE 2002-08-12
DECNGOLD 2026-04-20
DEEDEV 2024-06-26
DEEPAKFERT 1996-01-01
DEEPAKNTR 2010-09-29
DEEPINDS 2021-04-27
DELHIVERY 2022-05-24
DELPHIFX 2011-06-28
DELTACORP 2007-11-02
DELTAMAGNT 2002-07-01
DEN 2009-11-24
DENORA 2002-07-01
DENTA 2025-01-29
DEVIT 2017-07-27
DEVX 2025-09-17
DEVYANI 2021-08-16
DGCONTENT 2019-06-18
DHAMPURSUG 2002-07-01
DHANBANK 2004-04-01
DHANUKA 2011-06-29
DHARAN 2018-04-02
DHARMAJ 2022-12-08
DHRUV 2021-11-25
DHUNINV 2011-03-18
DIACABS 2010-09-29
DIAMINESQ 2023-09-25
DIAMONDYD 2017-10-05
DICIND 2002-07-01
DIFFNKG 2024-10-04
DIGIDRIVE 2024-01-10
DIGISPICE 2008-05-27
550/2372 completed
DIGITIDE 2025-06-11
DIGJAMLMTD 2002-07-01
DISAQ 2026-04-21
DISHTV 2007-04-18
DIVGIITTS 2023-03-14
DIVISLAB 2003-03-12
DIXON 2017-09-18
DJML 2022-12-05
DLF 2007-07-05
DLINKINDIA 2009-12-18
DMART 2017-03-21
DMCC 2021-12-01
DNAMEDIA 2017-12-11
DODLA 2021-06-28
DOLATALGO 2019-08-19
DOLLAR 2017-04-21
DOLPHIN 2006-10-06
DOMS 2023-12-20
DONEAR 2006-12-20
DPABHUSHAN 2017-10-23
DPSCLTD 2008-04-21
DPWIRES 2017-10-06
DRAGARWQ 2026-04-20
DRCSYSTEMS 2021-03-10
DREAMFOLKS 2022-09-06
DREDGECORP 2004-01-15
DRREDDY 1996-01-01
DSFCL 2026-02-17
DSSL 2008-01-01
DTIL 2015-01-20
DUCON 2012-10-09
DVL 2008-01-11
DWARKESH 2004-12-31
DYCL 2022-07-27
DYNAMATECH 2006-09-14
DYNPRO 2017-07-19
E2E 2018-05-29
EASEMYTRIP 2021-03-19
EASTSILK 2002-07-01
EBGNG 2025-07-30
ECLERX 2007-12-31
ECOSMOBLTY 2024-09-04
EDELWEISS 2007-12-12
EFCIL 2025-08-20
EICHERMOT 1996-01-01
EIDPARRY 2002-07-01
EIEL 2024-11-29
EIFFL 2017-03-31
EIHAHOTELS 2008-04-08
EIHOTEL 1996-01-01
600/2372 completed
EIMCOELECO 2002-07-01
EKC 2005-12-15
ELANTAS 2026-04-22
ELCIDIN 2026-04-20
ELDEHSG 2022-04-12
ELECON 2006-09-29
ELECTCAST 2002-07-01
ELECTHERM 2007-08-20
ELGIEQUIP 2002-07-01
ELGIRUBCO 2008-01-01
ELIN 2022-12-30
ELITECON 2026-04-20
ELLEN 2025-07-01
ELPROINTL 2026-04-22
EMAMILTD 2006-08-03
EMAMIPAP 2024-10-17
EMAMIREAL 2002-08-12
EMBDL 2004-09-24
EMCURE 2024-07-10
EMIL 2022-10-17
EMKAY 2006-04-28
EMMBI 2010-02-24
EMMVEE 2025-11-18
EMPOWER 2026-04-20
EMSLIMITED 2023-09-21
EMUDHRA 2022-06-01
ENDURANCE 2016-10-19
ENERGYDEV 2007-11-02
ENGINERSIN 1997-09-16
ENIL 2006-02-16
ENRIN 2025-06-19
ENTERO 2024-02-16
EPACK 2024-01-30
EPACKPEB 2025-10-06
EPIGRAL 2021-08-18
EPL 2002-07-01
EQUIPPP 2007-04-03
EQUITASBNK 2020-11-02
ERIS 2017-06-30
ESABINDIA 2002-07-01
ESAFSFB 2023-11-10
ESCORTS 1996-01-01
ESSARSHPNG 2011-11-15
ESSENTIA 2013-08-20
ESTER 2011-06-20
ETERNAL 2021-07-23
ETHOSLTD 2022-05-30
EUREKAFORB 2024-09-11
EUROBOND 2022-01-07
EUROPRATIK 2025-09-23
650/2372 completed
EUROTEXIND 2002-08-12
EVEREADY 2002-07-01
EVERESTIND 2002-07-01
EXCELINDUS 2002-07-01
EXCELSOFT 2025-11-26
EXICOM 2024-03-05
EXIDEIND 2002-07-01
EXPLEOSOL 2009-10-26
EXXARO 2021-08-16
FABTECH 2025-10-07
FACT 2002-07-01
FAIRCHEMOR 2020-12-24
FAZE3Q 2022-11-18
FCL 2015-01-15
FCSSOFT 2005-09-21
FDC 2002-07-01
FEDDERSHOL 2026-04-21
FEDERALBNK 1996-01-01
FEDFINA 2023-11-30
FEL 2002-07-01
FELDVR 2006-12-12
FERMENTA 2026-04-20
FIBERWEB 2022-02-16
FIEMIND 2006-10-19
FILATEX 2011-08-29
FILATFASH 2024-05-06
FINCABLES 2002-07-01
FINEORG 2018-07-02
FINKURVE 2025-10-06
FINOPB 2021-11-12
FINPIPE 2002-07-01
FIRSTCRY 2024-08-13
FISCHER 2025-07-10
FIVESTAR 2022-11-21
FLAIR 2023-12-01
FLEXITUFF 2011-10-19
FLFL 2013-10-01
FLUOROCHEM 2019-10-16
FMGOETZE 2002-07-01
FMNL 2010-12-31
FOCUS 2017-07-27
FOODSIN 2021-11-16
FORCEMOT 2019-08-19
FORTIS 2007-05-09
FOSECOIND 2002-07-01
FRACTAL 2026-02-16
FRONTSP 2026-04-20
FSL 2007-02-22
FUSION 2022-11-15
GABRIEL 2005-04-20
700/2372 completed
GAEL 2002-07-01
GAIL 1997-04-02
GALAPREC 2024-09-09
GALAXYSURF 2018-02-08
GALLANTT 2006-04-04
GANDHAR 2023-11-30
GANDHITUBE 2007-01-31
GANECOS 2015-03-09
GANESHBE 2021-09-16
GANESHCP 2025-09-29
GANESHHOU 2007-03-02
GANGAFORGE 2018-07-25
GANGESSECU 2017-07-31
GARFIBRES 2002-08-12
GARUDA 2024-10-15
GATECH 2016-07-25
GATECHDVR 2017-10-10
GATEWAY 2022-03-22
GAUDIUMIVF 2026-02-27
GAYAHWS 2018-06-28
GAYAPROJ 2011-08-22
GCSL 2025-09-04
GEECEE 2006-10-04
GEEKAYWIRE 2017-08-24
GEMAROMA 2025-08-26
GENCON 2021-02-16
GENESYS 2003-01-23
GENUSPAPER 2015-02-16
GENUSPOWER 2005-07-08
GEOJITFSL 2005-07-01
GESHIP 2002-07-01
GFLLIMITED 2002-07-01
GHCL 1996-01-01
GHCLTEXTIL 2023-06-12
GICHSGFIN 1999-01-01
GICL 2017-03-15
GICRE 2017-10-25
GILLANDERS 2009-12-14
GILLETTE 2002-07-01
GINNIFILA 2002-07-01
GIPCL 2002-07-01
GKENERGY 2025-09-26
GKSL 2025-12-30
GKWLIMITED 2002-07-01
GLAND 2020-11-20
GLAXO 2002-07-01
GLENMARK 2002-07-01
GLFL 2002-07-01
GLOBAL 2017-03-15
GLOBALE 2024-08-27
750/2372 completed
GLOBALVECT 2006-10-27
GLOBE 2018-07-13
GLOBECIVIL 2025-07-01
GLOBUSSPR 2009-09-23
GLOSTERLTD 2024-04-26
GLOTTIS 2025-10-07
GMBREW 2002-07-01
GMDCLTD 2002-07-01
GMMPFAUDLR 2018-03-05
GMRAIRPORT 2006-08-21
GMRP&UI 2022-03-23
GNA 2016-09-26
GNFC 2002-07-01
GNRL 2026-04-20
GOACARBON 2007-06-05
GOCLCORP 2007-11-08
GOCOLORS 2021-11-30
GODAVARIB 2024-10-30
GODFRYPHLP 1999-01-04
GODIGIT 2024-05-23
GODREJAGRO 2017-10-16
GODREJCP 2002-07-01
GODREJIND 2002-07-01
GODREJPROP 2010-01-05
GOKEX 2005-04-27
GOKUL 2008-06-04
GOKULAGRO 2016-03-14
GOLDENTOBC 2002-07-01
GOLDIAM 2005-08-29
GOLDTECH 2002-07-01
GOODLUCK 2016-09-07
GOODYEAR 1999-01-01
GOPAL 2024-03-14
GOYALALUM 2022-11-04
GPIL 2006-04-25
GPPL 2010-09-09
GPTHEALTH 2024-02-29
GPTINFRA 2016-07-11
GRADIENTE 2026-05-08
GRANDOAK 2026-04-20
GRANULES 2005-06-20
GRAPHITE 2002-07-01
GRASIM 2002-07-01
GRAUWEIL 2021-08-05
GRAVISSHO 2026-04-20
GRAVITA 2010-11-16
GREAVESCOT 2002-08-12
GREENLAM 2015-03-02
GREENPANEL 2019-10-23
GREENPLY 2002-07-03
800/2372 completed
GREENPOWER 2010-10-08
GRINDWELL 2006-09-11
GRINFRA 2021-07-19
GRMOVER 2022-09-07
GROBTEA 2016-07-14
GROWW 2025-11-12
GRPLTD 2015-02-12
GRSE 2018-10-24
GRWRHITECH 2022-02-03
GSFC 1996-01-01
GSLSU 2023-03-23
GSPCROP 2026-03-24
GSS 2008-03-07
GTECJAINX 2017-08-07
GTL 2002-07-01
GTLINFRA 2002-08-12
GTPL 2017-07-04
GUFICBIO 2004-10-19
GUJALKALI 1999-01-01
GUJAPOLLO 2007-06-04
GUJGASLTD 2015-09-15
GUJRAFFIA 2017-12-06
GUJTHEM 2025-02-25
GULFOILLUB 2014-07-31
GULFPETRO 2004-09-24
GULPOLY 2015-01-28
GVKPIL 2006-02-27
GVPIL 2002-07-01
GVPTECH 2017-03-15
GVT&D 2002-08-12
HAL 2018-04-02
HALDER 2026-01-19
HALDYNGL 2026-04-20
HALEOSLABS 2017-08-18
HAPPSTMNDS 2020-09-17
HAPPYFORGE 2023-12-27
HARDWYN 2022-04-12
HARIOMPIPE 2022-04-13
HARRMALAYA 2002-07-01
HARSHA 2022-09-26
HATHWAY 2010-02-25
HATSUN 2014-06-20
HAVELLS 2002-07-01
HAVISHA 2018-04-13
HAWKINCOOK 2026-04-23
HBESD 2026-04-20
HBLENGINE 2007-01-04
HBSL 2002-07-01
HCC 1996-01-01
HCG 2016-03-31
850/2372 completed
HCL-INSYS 2002-08-12
HCLTECH 2002-08-12
HDBFS 2025-07-02
HDFCAMC 2018-08-06
HDFCBANK 1996-01-01
HDFCLIFE 2017-11-17
HDIL 2007-07-24
HEADSUP 2016-12-14
HEALTHX 2010-10-05
HECPROJECT 2017-03-21
HEG 2002-07-01
HEIDELBERG 1996-01-01
HEMIPROP 2020-10-22
HERANBA 2021-03-05
HERITGFOOD 2002-07-01
HEROMOTOCO 2002-07-01
HESTERBIO 2015-03-13
HEXAGON 2026-06-12
HEXATRADEX 2012-04-20
HEXT 2025-02-19
HFCL 2002-08-12
HGINFRA 2018-03-09
HGM 2006-09-27
HGS 2002-08-12
HIKAL 2002-07-01
HILINFRA 2025-08-12
HILTON 2007-05-24
HIMATSEIDE 2002-07-01
HINDALCO 1996-01-01
HINDCOMPOS 2002-07-01
HINDCON 2018-03-12
HINDCOPPER 2010-01-08
HINDOILEXP 1996-01-01
HINDPETRO 1996-01-02
HINDUNILVR 1996-01-01
HINDWAREAP 2019-12-26
HINDZINC 2002-08-12
HIRECT 2006-12-27
HISARMETAL 2017-01-05
HITECH 2016-02-25
HITECHCORP 2007-12-20
HITECHGEAR 2003-05-15
HLEGLAS 2021-02-22
HLVLTD 2002-07-01
HMAAGRO 2023-07-04
HMT 2002-07-01
HMVL 2010-07-21
HNDFDS 2019-08-19
HOMEFIRST 2021-02-03
HONASA 2023-11-07
900/2372 completed
HONAUT 2002-07-01
HONDAPOWER 2002-07-01
HPAL 2021-12-27
HPIL 2020-02-11
HPL 2016-10-04
HSCL 2007-03-02
HTMEDIA 2005-09-01
HUBTOWN 2007-02-07
HUDCO 2017-05-19
HUHTAMAKI 2002-07-01
HYBRIDFIN 2022-12-06
HYUNDAI 2024-10-22
IBULLSLTD 2011-08-18
ICDSLTD 2021-07-06
ICEMAKE 2017-12-08
ICICIAMC 2025-12-19
ICICIBANK 2002-07-01$KALYANI.NS: possibly delisted; no price data found  (period=5d)

ICICIGI 2017-09-27
ICICIPRULI 2016-09-29
ICIL 2005-09-12
ICRA 2007-04-13
IDBI 1996-01-01
IDEA 2007-03-09
IDEAFORGE 2023-07-07
IDFCFIRSTB 2015-11-06
IEX 2017-10-23
IFBAGRO 2002-07-01
IFBIND 2002-07-01
IFCI 2002-07-01
IFGLEXPOR 2004-01-08
IGARASHI 2002-07-01
IGCL 2025-07-03
IGIL 2024-12-30
IGL 2003-12-26
IGPL 2007-01-29
IIFL 2005-05-17
IIFLCAPS 2019-09-20
IITL 2010-08-17
IKIO 2023-06-16
IKS 2024-12-19
IL&FSENGG 2007-10-25
IL&FSTRANS 2010-03-30
IMAGICAA 2015-04-06
IMFA 2010-07-23
IMPAL 2005-10-06
INA 2026-03-09
INCREDIBLE 2016-07-01
INDBANK 2008-10-08
INDGN 2024-05-13
INDHOTEL 2002-07-01
950/2372 completed
INDIACEM 1996-01-02
INDIAGLYCO 2002-08-12
INDIAMART 2019-07-04
INDIANB 2007-03-01
INDIANCARD 2002-07-01
INDIANHUME 2002-07-01
INDIASHLTR 2023-12-20
INDIGO 2015-11-10
INDIGOPNTS 2021-02-02
INDIQUBE 2025-07-30
INDNIPPON 2002-07-01
INDOAMIN 2022-04-29
INDOBORAX 2022-03-29
INDOCO 2005-01-14
INDOFARM 2025-01-07
INDORAMA 2002-08-12
INDOSTAR 2018-05-21
INDOTECH 2006-03-16
INDOTHAI 2011-11-02
INDOUS 2024-09-27
INDOWIND 2007-09-14
INDPRUD 2026-04-20
INDRAMEDCO 1997-05-07
INDSWFTLAB 2002-07-01
INDTERRAIN 2011-03-11
INDUSINDBK 2002-07-01
INDUSTOWER 2012-12-28
INFOBEAN 2017-07-24
INFOMEDIA 2002-07-01
INFY 1996-01-01
INGERRAND 2002-07-01
INNOVACAP 2023-12-29
INNOVANA 2017-12-12
INNOVISION 2026-03-23
INOXGREEN 2022-11-23
INOXINDIA 2023-12-21
INOXWIND 2015-04-09
INSECTICID 2007-05-30
INSPIRISYS 2006-10-30
INTELLECT 2014-12-18
INTENTECH 2017-03-23
INTERARCH 2024-08-26
INTLCONV 2021-09-16
INVENTURE 2011-08-04
INVPRECQ 2026-04-20
IOB 2002-07-01
IOC 1996-04-15
IOLCP 2010-11-08
IONEXCHANG 2022-02-22
IPCALAB 1996-01-01
1000/2372 completed
IPL 2021-07-05
IRB 2008-02-25
IRCON 2018-09-28
IRCTC 2019-10-14
IREDA 2023-11-29
IRFC 2021-01-29
IRIS 2021-11-08
IRISDOREME 2018-11-16
IRMENERGY 2023-10-26
ISFT 2010-04-12
ISGEC 2021-05-05
ISHANCH 2025-03-25
ITC 1996-01-01
ITCHOTELS 2025-01-29
ITDC 2016-12-30
ITI 2002-07-01
IVALUE 2025-09-25
IVC 2002-07-01
IVP 2002-07-04
IWP 2026-04-20
IXIGO 2024-06-18
IZMO 2007-02-05
J&KBANK 2002-08-12
JAGRAN 2006-02-22
JAGSNPHARM 2002-07-01
JAIBALAJI 2003-12-09
JAICORPLTD 2002-07-01
JAINREC 2025-10-06
JAIPURKURT 2017-03-16
JAMNAAUTO 2010-12-10
JARO 2025-09-30
JASH 2017-10-12
JAYAGROGN 2002-07-01
JAYBARMARU 2002-07-01
JAYKAY 2025-12-03
JAYNECOIND 2002-07-01
JAYSREETEA 2002-07-01
JBCHEPHARM 2002-07-01
JBMA 2004-12-17
JETFREIGHT 2017-03-15
JGCHEM 2024-03-13
JHS 2006-10-23
JINDALPHOT 2005-04-07
JINDALPOLY 2002-07-01
JINDALSAW 2002-07-01
JINDALSTEL 1999-09-22
JINDRILL 2004-09-23
JINDWORLD 2010-11-25
JIOFIN 2023-08-21
JISLDVREQS 2011-11-30
1050/2372 completed
JISLJALEQS 2002-01-18
JITFINFRA 2017-02-27
JKCEMENT 2006-03-14
JKIL 2008-02-12
JKIPL 2025-10-03
JKLAKSHMI 2006-06-19
JKPAPER 2005-06-16
JKTYRE 2004-06-14
JLHL 2023-09-18
JMA 2015-03-16
JMFINANCIL 2006-10-10
JNKINDIA 2024-04-30
JOCIL 2008-10-08
JPOLYINVST 2013-11-11
JPPOWER 2005-04-18
JSFB 2024-02-14
JSL 2003-11-17
JSLL 2022-05-04
JSWCEMENT 2025-08-14
JSWDULUX 2002-07-01
JSWENERGY 2010-01-04
JSWHL 2005-06-21
JSWINFRA 2023-10-03
JSWSTEEL 2003-05-08
JTEKTINDIA 2004-01-12
JTLIND 2021-12-23
JUBLCPL 2025-02-14
JUBLFOOD 2010-02-08
JUBLINGREA 2021-03-19
JUBLPHARMA 2002-07-01
JUNIPER 2024-02-28
JUSTDIAL 2013-06-05
JWL 2010-10-18
JYOTHYLAB 2007-12-19
JYOTICNC 2024-01-16
JYOTISTRUC 1996-01-01
KABRAEXTRU 2002-07-01
KAJARIACER 2002-07-01
KAKATCEM 2002-07-01
KALAMANDIR 2023-09-27
KALPATARU 2025-07-01
KALYANI 2025-07-02
KALYANIFRG 2007-12-20
KALYANKJIL 2021-03-26
KAMAHOLD 2026-04-20
KAMATHOTEL 2002-07-02
KAMDHENU 2006-05-09
KAMOPAINTS 2023-01-24
KANANIIND 2011-12-14
KANCHI 2026-04-20
1100/2372 completed
KANORICHEM 2002-07-01
KANPRPLA 2021-01-04
KANSAINER 2002-07-01
KAPSTON 2018-04-18
KARMAENG 2011-06-28
KARURVYSYA 1996-01-01
KAUSHALYA 2007-12-14
KAVDEFENCE 2008-01-29
KAYA 2015-08-14
KAYNES 2022-11-22
KCP 2002-07-01
KCPSUGIND 2002-07-01
KDDL 2016-04-12
KEC 2002-08-12
KECL 2010-03-09
KEEPLEARN 2021-03-25
KEI 2006-03-23
KELLTONTEC 2016-03-02
KENNAMET 2019-08-19
KERNEX 2005-12-20
KESORAMIND 1996-01-01
KEYFINSERV 2002-07-01
KFINTECH 2022-12-29
KHADIM 2017-11-14
KHAICHEM 2020-10-30
KHAITANLTD 2002-07-02
KHANDSE 2002-07-01
KICL 2008-10-21
KILITCH 2010-09-29
KIMS 2021-06-28
KINGFA 2010-01-08
KIOCL 2016-11-30
KIRANVYPAR 2026-04-20
KIRIINDUS 2008-04-22
KIRLFER 2019-11-13
KIRLOSBROS 2006-04-07
KIRLOSENG 2002-08-12
KIRLOSIND 2002-07-01
KIRLPNU 2023-04-26
KISSHT 2026-05-08
KITEX 2012-09-25
KKCL 2006-04-13
KLBRENG-B 2026-04-20
KMEW 2024-12-06
KMSUGAR 2008-01-01
KNAGRI 2022-04-11
KNRCON 2008-02-18
KOHINOOR 2002-07-01
KOKUYOCMLN 2008-07-28
KOLTEPATIL 2007-12-13
1150/2372 completed
KOPRAN 2002-07-01
KOTAKBANK 2001-07-02
KOTARISUG 2004-12-13
KOTHARIPET 2002-07-01
KOTHARIPRO 2002-07-01
KOTIC 2026-04-20
KOTYARK 2021-11-17
KOVAI 2010-03-02
KPEL 2024-11-21
KPIGREEN 2021-07-27
KPIL 2002-07-01
KPITTECH 2019-04-22
KPL 2026-04-20
KPRMILL 2007-08-28
KRBL 2002-01-24
KREBSBIO 2016-10-27
KRIDHANINF 2015-12-11
KRISHANA 2017-02-27
KRISHIVAL 2022-04-18
KRISHNADEF 2022-04-22
KRITI 2011-11-11
KRITIKA 2018-10-26
KRITINUT 2022-10-07
KRN 2024-10-03
KRONOX 2024-06-10
KROSS 2024-09-16
KRSNAA 2021-08-16
KRYSTAL 2024-03-21
KSB 2002-07-01
KSCL 2007-10-04
KSHINTL 2025-12-23
KSHITIJPOL 2018-10-23
KSL 2008-10-21
KSOLVES 2020-08-07
KSR 2025-11-27
KTKBANK 2000-05-10
KUANTUM 2019-10-23
KWIL 2026-02-16
LAGNAM 2018-10-04
LAHOTIOV 2026-04-20
LAKPRE 2006-09-26
LAL 2023-04-10
LALPATHLAB 2015-12-23
LAMBODHARA 2015-02-04
LANCORHOL 2024-03-12
LANDMARK 2022-12-23
LANDSMILL 2009-08-03
LAOPALA 2007-03-16
LASA 2017-09-21
LATENTVIEW 2021-11-23
1200/2372 completed
LATTEYS 2018-06-20
LAURUSLABS 2016-12-19
LAXMICOT 2017-07-25
LAXMIDENTL 2025-01-20
LAXMIINDIA 2025-08-05
LCCINFOTEC 2002-07-01
LEMERITE 2022-05-23
LEMONTREE 2018-04-09
LENSKART 2025-11-10
LEXUS 2017-08-23
LFIC 2010-06-30
LGBBROSLTD 2008-01-01
LGEINDIA 2025-10-14
LGHL 2020-05-05
LIBAS 2017-03-15
LIBERTSHOE 2002-07-01
LICHSGFIN 2002-07-01
LICI 2022-05-17
LIKHITHA 2020-10-15
LINC 2015-03-09
LINCOLN 2015-12-17
LINDEINDIA 2000-05-31
LLOYDSENGG 2016-07-20
LLOYDSENT 2024-10-17
LLOYDSME 2023-07-17
LMW 2002-07-01
LODHA 2021-04-19
LOKESHMACH 2006-05-05
LORDSCHLO 2023-08-28
LOTUSDEV 2025-08-06
LOTUSEYE 2008-07-11
LOVABLE 2011-03-24
LOYALTEX 2022-08-11
LPDC 2008-08-12
LT 2002-07-01
LTF 2011-08-12
LTFOODS 2006-12-19
LTM 2016-07-21
LTTS 2016-09-23
LUMAXIND 2002-07-01
LUMAXTECH 2007-01-16
LUPIN 2001-09-10
LUXIND 2015-12-01
LXCHEM 2021-03-25
LYKALABS 1996-01-01
LYPSAGEMS 2013-11-05
M&M 1996-01-01
M&MFIN 2006-03-17
MAANALU 2005-06-24
MACPOWER 2018-03-22
1250/2372 completed
MADHAV 2007-12-20
MADHAVIPL 2026-04-20
MADHUCON 2006-10-05
MADRASFERT 2002-07-01
MAFATIND 2026-04-23
MAGADSUGAR 2017-07-28
MAGNUM 2007-09-20
MAHABANK 2004-04-12
MAHAPEXLTD 2018-04-05
MAHASTEEL 2016-07-01
MAHEPC 2020-02-14
MAHESHWARI 2017-03-15
MAHLIFE 2002-07-01
MAHLOG 2017-11-10
MAHSCOOTER 2002-07-01
MAHSEAMLES 2002-07-01
MAITHANALL 2011-07-05
MAJESAUT 2026-04-23
MALLCOM 2022-02-02
MALUPAPER 2006-04-05
MAMATA 2024-12-27
MANAKALUCO 2015-03-30
MANAKCOAT 2015-03-30
MANAKSIA 2008-01-08
MANAKSTEEL 2015-03-30
MANALIPETC 2002-07-01
MANAPPURAM 2010-06-30
MANBA 2024-09-30
MANCREDIT 2024-08-16
MANGALAM 2005-05-23
MANGLMCEM 2002-07-01
MANINDS 2005-06-24
MANINFRA 2010-03-11
MANKIND 2023-05-09
MANOMAY 2023-01-18
MANORAMA 2022-07-01
MANORG 2021-11-02
MANUGRAPH 2006-09-14
MANYAVAR 2022-02-16
MAPMYINDIA 2021-12-21
MARALOVER 2002-07-01
MARATHON 2016-09-29
MARICO 1996-05-01
MARINE 2018-10-26
MARKOLINES 2025-10-14
MARKSANS 2002-07-19
MARSONS 2026-03-13
MARUTI 2003-07-09
MASFIN 2017-10-18
MASKINVEST 2016-10-14
1300/2372 completed
MASTEK 2002-07-01
MASTERTR 2024-12-06
MATRIMONY 2017-09-21
MAWANASUG 2009-03-20
MAXESTATES 2023-10-30
MAXHEALTH 2020-08-21
MAXIND 2020-08-28
MAYURUNIQ 2012-09-25
MAZDA 2016-11-02
MAZDOCK 2020-10-12
MBAPL 2016-09-12
MBEL 2025-08-06
MBLINFRA 2010-01-11
MCCHRLS-B 2026-04-21
MCL 2017-03-15
MCLEODRUSS 2002-08-12
MCLOUD 2025-02-07
MCX 2012-03-09
MEDANTA 2022-11-18
MEDIASSIST 2024-01-23
MEDICAMEQ 2021-10-27
MEDICO 2022-05-26
MEDPLUS 2021-12-23
MEESHO 2025-12-10
MEGASTAR 2022-02-16
MEIL 2025-08-28
MENNPIS 2026-04-20
MENONBE 2015-03-09
MEP 2015-05-06
MERCANTILE 2026-04-20
MERCURYEV 2026-06-02
METROBRAND 2021-12-22
METROGLOBL 2026-04-22
METROPOLIS 2019-04-15$RAJRATAN.NS: possibly delisted; no price data found  (1d 1927-07-18 -> 2026-06-23)

MFML 2024-08-27
MFSL 1996-01-01
MGEL 2019-12-11
MGL 2016-07-01
MHLXMIRU 2022-01-27
MHRIL 2009-07-16
MICEL 2007-05-30
MIDHANI 2018-04-04
MIDWESTLTD 2025-10-24
MINDACORP 2012-03-19
MINDTECK 2016-08-02
MIRZAINT 2002-07-01
MITCON 2017-03-15
MITTAL 2018-04-16
MKPL 2017-07-27
MMFL 2006-12-20
1350/2372 completed
MMP 2018-04-26
MMTC 2010-01-08
MMWL 2026-04-22
MOBIKWIK 2024-12-18
MODINATUR 2025-12-11
MODIRUBBER 2018-06-20
MODIS 2025-11-14
MODISONLTD 2021-05-03
MODTHREAD 2024-02-16
MOHITIND 2013-03-14
MOIL 2010-12-15
MOKSH 2018-01-03
MOL 2021-08-18
MOLDTECH 2016-07-07
MOLDTKPAC 2015-02-23
MONARCH 2022-01-06
MONEYBOXX 2025-10-15
MONTECARLO 2014-12-19
MORARJEE 2007-12-03
MOREPENLAB 1996-01-01
MOSCHIP 2025-02-05
MOTHERSON 2002-07-01
MOTILALOFS 2007-09-11
MOTISONS 2023-12-26
MOTOGENFIN 2002-07-23
MPHASIS 2002-07-01
MPSLTD 2002-07-01
MRF 2002-07-01
MRPL 1996-01-01
MSPL 2005-07-18
MSTCLTD 2019-04-01
MSUMI 2022-03-28
MTARTECH 2021-03-15
MTEDUCARE 2012-04-12
MTNL 1996-01-01
MUFIN 2023-11-06
MUFTI 2023-12-27
MUKANDLTD 2002-07-01
MUKKA 2024-03-07
MUKTAARTS 2002-07-01
MUNJALAU 2003-09-03
MUNJALSHOW 2002-07-01
MURUDCERA 2004-05-28
MUTHOOTCAP 2015-08-24
MUTHOOTFIN 2011-05-06
MUTHOOTMF 2023-12-26
MVGJL 2023-10-03
MWL 2022-07-25
NACLIND 2017-04-10
NAGREEKCAP 2005-12-23
1400/2372 completed
NAGREEKEXP 2005-12-22
NAHARCAP 2008-03-11
NAHARINDUS 2005-12-15
NAHARPOLY 2002-07-01
NAHARSPING 2002-07-01
NAM-INDIA 2017-11-06
NARMADA 2018-05-04
NATCAPSUQ 2025-02-14
NATCOPHARM 1996-01-01
NATHBIOGEN 2014-01-28
NATIONALUM 1999-04-28
NATIONSTD 2026-04-20
NAUKRI 2006-11-21
NAVA 2002-07-01
NAVINFLUOR 2007-06-01
NAVKARCORP 2015-09-09
NAVKARURB 2025-01-17
NAVNETEDUL 2002-07-01
NAZARA 2021-03-30
NBCC 2012-04-12
NBIFIN 2016-12-07
NCC 2002-08-12
NCLIND 2007-04-03
NDGL 2016-08-30
NDL 2005-12-29
NDLVENTURE 2002-07-01
NDRAUTO 2020-07-30
NDTV 2004-05-19
NEAGI 2026-04-22
NECCLTD 2016-03-02
NECLIFE 2005-07-18
NELCAST 2007-06-27
NELCO 2002-07-01
NEOGEN 2019-05-08
NEPHROPLUS 2025-12-17
NESCO 2008-04-08
NESTLEIND 2002-08-12
NETWEB 2023-07-27
NETWORK18 2002-08-12
NEULANDLAB 2008-10-13
NEWGEN 2018-01-29
NEXTMEDIA 2002-07-01
NFL 2006-12-28
NGIL 2021-08-20
NGLFINE 2022-07-08
NH 2016-01-06
NHPC 2009-09-01
NIACL 2017-11-13
NIBE 2025-02-07
NIBL 2013-04-16
1450/2372 completed
NIITLTD 2002-01-01
NIITMTS 2023-08-08
NILAINFRA 2015-05-21
NILASPACES 2018-12-28
NILE 2026-04-20
NILKAMAL 1999-01-01
NIMBSPROJ 2026-04-06
NINSYS 2023-02-21
NIPPOBATRY 2002-07-01
NIRAJ 2020-10-01
NIRAJISPAT 2024-03-11
NIRLON 2026-04-23
NITCO 2006-03-21
NITINSPIN 2006-02-02
NITIRAJ 2017-03-16
NITTAGELA 2026-04-23
NIVABUPA 2024-11-14
NKIND 2016-03-31
NLCINDIA 2000-08-23
NMDC 2008-03-03
NOCIL 2002-07-01
NOIDATOLL 2002-12-06
NORBTEAEXP 2002-07-01
NORTHARC 2024-09-24
NOVAAGRI 2024-01-31
NOVARTIND 2020-10-07
NPST 2021-09-16
NRAIL 2017-04-05
NRBBEARING 2002-07-01
NRL 2022-01-06
NSIL 2002-07-01
NSLNISP 2023-02-20
NTPC 2004-11-05
NTPCGREEN 2024-11-27
NUCLEUS 2002-12-19
NURECA 2021-02-25
NUVAMA 2023-09-26
NUVOCO 2021-08-23
NYKAA 2021-11-10
OAL 2020-04-15
OBCL 2022-04-07
OBEROIRLTY 2010-10-20
OCCLLTD 2024-10-29
ODIGMA 2024-12-12
OFSS 2002-06-28
OIL 2009-09-30
OILCOUNTUB 2002-07-01
OLAELEC 2024-08-09
OLECTRA 2002-07-01
OMAXAUTO 2003-02-24
1500/2372 completed
OMAXE 2007-08-09
OMFREIGHT 2025-10-08
OMINFRAL 2011-06-17
OMNI 2026-03-05
OMPOWER 2026-04-17
ONELIFECAP 2011-10-17
ONEPOINT 2017-12-26
ONESOURCE 2025-01-24
ONGC 1996-01-01
ONIDA 2026-06-10
ONMOBILE 2008-02-19
ONWARDTEC 2002-07-01
OPTIEMUS 2017-08-08
ORBTEXP 2013-11-05
ORCHASP 2025-02-07
ORCHPHARMA 2002-07-01
ORICONENT 2015-07-24
ORIENTALTL 2007-03-07
ORIENTBELL 2007-02-14
ORIENTCEM 2013-07-12
ORIENTCER 2005-12-15
ORIENTELEC 2018-05-14
ORIENTHOT 2002-07-01
ORIENTLTD 2002-07-01
ORIENTPPR 2002-07-01
ORIENTTECH 2024-08-28
ORISSAMINE 2010-09-29
ORKLAINDIA 2025-11-06
ORTEL 2015-03-19
ORTINGLOBE 2015-08-21
OSIAHYPER 2019-04-23
OSWALAGRO 2018-09-14
OSWALGREEN 2002-07-01
OSWALPUMPS 2025-06-20
OSWALSEEDS 2018-07-04
PACEDIGITK 2025-10-06
PAGEIND 2007-03-16
PAISALO 2009-06-16
PAKKA 2023-07-11
PALASHSECU 2017-07-31
PALREDTEC 2004-03-15
PANACEABIO 2002-07-01
PANACHE 2017-04-28
PANAMAPET 2011-09-30
PANSARI 2017-03-22
PAR 2019-05-30
PARACABLES 2007-01-03
PARADEEP 2022-05-27
PARAGMILK 2016-05-19
PARAS 2021-10-01
1550/2372 completed
PARASPETRO 2002-08-02
PARKHOSPS 2025-12-17
PARKHOTELS 2024-02-12
PARSVNATH 2006-11-30
PASHUPATI 2017-09-08
PASUPTAC 2021-10-12
PATANJALI 2002-07-01
PATELENG 2005-02-24
PATELRMART 2025-08-26
PATINTLOG 2008-01-11
PAUSHAKLTD 2025-12-01
PAVNAIND 2021-03-24
PAYTM 2021-11-18
PCBL 2002-07-01
PCJEWELLER 2012-12-27
PDMJEPAPER 2016-03-30
PDSL 2014-10-21
PEARLPOLY 2002-07-01
PENIND 2010-11-25
PENINLAND 2002-07-01
PERSISTENT 2010-04-06
PETRONET 2004-03-26
PFC 2007-02-23
PFIZER 2002-07-01
PFOCUS 2006-06-20
PFS 2011-03-30
PGEL 2011-09-26
PGHH 2002-08-12
PGHL 2002-07-01
PGIL 2007-02-15
PHOENIXLTD 2007-04-23
PICCADIL 2025-07-02
PIDILITIND 2002-07-01
PIGL 2018-05-08
PIIND 2011-06-15
PILANIINVS 2011-10-25
PILITA 2002-08-12
PINELABS 2025-11-14
PIONEEREMB 2006-05-16
PIONRINV 2026-04-20
PIRAMALFIN 2025-11-07
PITTIENG 2007-02-02
PIXTRANS 2022-04-28
PKTEA 2010-06-30
PLASTIBLEN 2006-12-28
PLATIND 2024-03-05
PLAZACABLE 2023-10-12
PML 2026-04-20
PNB 2002-07-01
PNBGILTS 2002-07-01
1600/2372 completed
PNBHOUSING 2016-11-07
PNC 2002-07-01
PNCINFRA 2015-05-26
PNGJL 2024-09-17
PNGSREVA 2026-03-04
POCL 2010-10-01
PODDARMENT 2016-11-22
POKARNA 2016-07-07
POLICYBZR 2021-11-15
POLYCAB 2019-04-16
POLYMED 2011-12-07
POLYPLEX 2002-07-01
PONNIERODE 2002-07-01
POONAWALLA 2004-04-27
POWERGRID 2007-10-05
POWERICA 2026-04-02
POWERINDIA 2020-03-30
POWERMECH 2015-08-26
PPAP 2008-01-11
PPL 2019-06-17
PPLPHARMA 2022-10-19
PRABHA 2025-03-19
PRADPME 2026-04-20
PRAENG 2007-01-03
PRAJIND 2002-07-01
PRAKASH 2002-07-01
PRAKASHSTL 2010-08-25
PRAVEG 2026-04-20
PRAXIS 2018-01-31
PRECAM 2016-02-08
PRECOT 2005-08-19
PRECWIRE 2002-07-01
PREMCO 2026-04-20
PREMEXPLN 2016-06-17
PREMIER 2001-11-09
PREMIERENE 2024-09-03
PREMIERPOL 2012-08-16
PRESTIGE 2010-10-27
PRICOLLTD 2002-07-01
PRIMESECU 2002-07-01
PRIMO 2025-04-22
PRINCEPIPE 2019-12-30
PRITI 2018-07-05
PRITIKAUTO 2021-08-10
PRIVISCL 2015-05-08
PROSTARM 2025-06-03
PROTEAN 2025-02-06
PROZONER 2012-09-12
PRSMJOHNSN 2002-07-01
PRUDENT 2022-05-20
1650/2372 completed
PRUDMOULI 2023-12-22
PSB 2010-12-30
PSPPROJECT 2017-05-29
PTC 2004-04-07
PTCIL 2023-06-09
PTL 2007-01-29
PUNJABCHEM 2007-03-08
PURVA 2007-08-30
PVP 1996-04-04
PVRINOX 2006-01-04
PVSL 2024-03-19
PWL 2025-11-18
PYRAMID 2023-08-29
QMSMEDI 2022-10-11
QPOWER 2025-02-24
QUADFUTURE 2025-01-14
QUESS 2016-07-12
QUICKHEAL 2016-02-18
QUINT 2026-04-21
RACE 2023-05-09
RACLGEAR 2024-12-06
RADAAN 2003-03-03
RADHIKAJWE 2022-07-18
RADIANTCMS 2023-01-04
RADICO 2003-06-18
RADIOCITY 2017-03-17
RAILTEL 2021-02-26
RAIN 2002-08-12
RAINBOW 2022-05-10
RAJESHEXPO 2002-07-01
RAJMET 2018-10-23
RAJOOENG 2025-05-29
RAJPALAYAM 2026-04-15
RAJRILTD 2007-01-04
RAJSREESUG 2002-07-01
RAJTV 2007-03-16
RALLIS 2002-07-01
RAMANEWS 2002-07-01
RAMAPHO 2022-08-05
RAMASTEEL 2015-08-24
RAMCOCEM 2002-07-01
RAMCOIND 2002-07-01
RAMCOSYS 2002-08-12
RAMKY 2010-10-08
RAMRAT 2022-07-29
RANASUG 2005-02-24
RANEHOLDIN 2002-07-01
RATEGAIN 2021-12-17
RATNAMANI 2006-05-09
1700/2372 completed
RATNAVEER 2023-09-11
RAYMOND 1996-01-01
RAYMONDLSL 2024-09-05
RAYMONDREL 2025-07-01
RBA 2020-12-14
RBLBANK 2016-08-31
RBZJEWEL 2023-12-27
RCF 2002-07-01
RCOM 2002-08-12
RECLTD 2008-03-12
REDINGTON 2007-02-15
REDTAPE 2023-08-11
REFEX 2009-12-03
REGAAL 2025-08-20
REGENCERAM 2002-07-01
RELAXO 2011-06-17
RELCHEMQ 2022-05-25
RELIABLE 2017-10-12
RELIANCE 1996-01-01
RELIGARE 2007-11-21
RELTD 2024-07-30
REMSONSIND 2002-07-01
RENUKA 2005-10-31
REPCOHOME 2013-04-01
REPL 2018-07-27
REPRO 2004-10-12
RESPONIND 2010-10-29
RETAIL 2024-06-26
RGL 2007-12-12
RHETAN 2025-09-26
RHFL 2017-09-22
RHIM 2012-03-12
RHL 2023-04-25
RICOAUTO 2002-07-02
RIIL 1996-01-01
RISHABH 2023-09-11
RITCO 2022-04-12
RITES 2018-07-03
RKDL 2010-12-27
RKEC 2017-10-09
RKFORGE 2004-05-05
RKSWAMY 2024-03-12
RMC 2026-04-02
RMDRIP 2017-10-04
RML 2005-08-30
RNBDENIMS 2025-09-04
ROHLTD 2006-02-06
ROLEXRINGS 2021-08-09
ROLLT 2016-11-22
ROML 2009-08-12
1750/2372 completed
ROSSARI 2020-07-23
ROSSELLIND 2012-09-25
ROSSTECH 2024-12-10
ROTO 2022-04-21
ROUTESUMEET-RE.NS: Period 'max' is invalid, must be one of: 1d, 5d
 2020-09-21
RPEL 2024-08-08
RPGLIFE 2002-08-12
RPOWER 2008-02-11
RPPINFRA 2010-12-06
RPPL 2018-10-09
RPSGVENT 2019-01-25
RPTECH 2024-02-14
RRIL 2026-04-20
RRKABEL 2023-09-20
RSDFIN 2026-04-20
RSL 2026-03-19
RSSOFTWARE 2002-07-01
RSWM 2002-07-01
RSYSTEMS 2006-04-26
RTNINDIA 2012-07-30
RTNPOWER 2009-10-30
RUBFILA 2024-08-09
RUBICON 2025-10-16
RUBYMILLS 2002-07-05
RUCHINFRA 2002-09-02
RUCHIRA 2006-12-20
RUDRA 2025-12-19
RUPA 2011-12-07
RUSHIL 2011-07-07
RUSTOMJEE 2022-11-24
RVHL 2020-12-18
RVNL 2019-04-11
RVTH 2024-09-11
S&SPOWER 2020-03-30
SAATVIKGL 2025-09-26
SABEVENTS 2016-09-15
SADBHAV 2006-03-01
SADBHIN 2015-09-16
SADHNANIQ 2023-05-05
SAFARI 2019-09-12
SAGARDEEP 2017-07-13
SAGCEM 2007-01-29
SAGILITY 2024-11-12
SAHLIBHFI 2026-04-10
SAHYADRI 2023-04-06
SAIL 1996-01-01
SAILIFE 2024-12-18
SAIPARENT 2026-04-02
SAKAR 2017-03-16
SAKHTISUG 2002-07-01
1800/2372 completed
SAKSOFT 2005-05-09
SAKUMA 2006-03-08
SALASAR 2017-07-25
SALONA 2010-08-09
SALSTEEL 2004-11-24
SALZERELEC 2015-12-02
SAMBHAAV 2002-07-02
SAMBHV 2025-07-02
SAMHI 2023-09-22
SAMMAANCAP 2013-07-23
SAMPANN 2012-07-27
SANATHAN 2024-12-27
SANDESH 2002-07-01
SANDHAR 2018-04-02
SANDUMA 2023-09-07
SANGAMIND 2002-07-01
SANGHVIMOV 2007-01-24
SANGINITA 2017-03-16
SANOFI 2002-07-01
SANOFICONR 2024-09-13
SANSERA 2021-09-24
SANSTAR 2024-07-26
SANWARIA 2006-03-27
SAPPHIRE 2021-11-18
SAPPL 2026-04-22
SARDAEN 2009-12-03
SAREGAMA 2002-07-01
SARLAPOLY 2007-01-19
SARVESHWAR 2018-03-15
SASKEN 2005-09-09
SATIA 2019-07-17
SATIN 2015-08-27
SAURASHCEM 2024-02-27
SAYAJIHOTL 2026-04-13
SBC 2021-11-23
SBCL 2021-06-24
SBFC 2023-08-16
SBGLP 2023-02-10
SBICARD 2020-03-16
SBILIFE 2017-10-03
SBIN 1996-01-01
SCANSTL 2026-04-20
SCHAEFFLER 2002-07-01
SCHAND 2017-05-09
SCHNEIDER 2012-03-20
SCI 2002-07-01
SCILAL 2024-03-19
SCODATUBES 2025-06-04
SCPL 2022-11-22
SDBL 2014-04-01
1850/2372 completed
SEAMECLTD 2002-07-01
SECMARK 2023-10-16
SECURKLOUD 2014-01-29
SEDEMAC 2026-03-11
SEIL 2026-04-21
SEJALLTD 2009-11-30
SELMC 2007-08-21
SEMAC 2005-08-11
SENCO 2023-07-14
SENORES 2024-12-30
SEPC 2008-02-20
SERVOTECH 2017-08-24
SESHAPAPER 2002-07-01
SETCO 2016-07-01
SETL 2025-01-13
SETUINFRA 2011-10-04
SEYAIND 2019-07-15
SFL 2016-12-12
SGFIN 2025-08-05
SGIL 2021-07-28
SGL 2006-04-10
SGMART 2025-09-12
SHADOWFAX 2026-01-28
SHAH 2010-10-27
SHAHALLOYS 2005-06-16
SHAILY 2022-04-04
SHAKTIPUMP 2011-10-25
SHALBY 2017-12-15
SHALPAINTS 2008-03-03
SHANKARA 2017-04-05
SHANTI 2017-08-03
SHANTIGEAR 2002-07-01
SHANTIGOLD 2025-08-01
SHARDACROP 2014-09-23
SHARDAMOTR 2015-09-03
SHARDUL 2026-04-22
SHAREINDIA 2020-09-21
SHBAJRG 2026-04-21
SHEKHAWATI 2011-01-12
SHEMAROO 2014-10-01
SHILCTECH 2025-11-24
SHILPAMED 2009-12-03
SHINDL 2026-04-20
SHIVALIK 2021-12-09
SHIVAMAUTO 2006-11-21
SHIVAMILLS 2018-02-26
SHIVATEX 2002-07-01
SHIVAUM 2019-10-17
SHK 2015-11-16
SHOPERSTOP 2005-05-23
1900/2372 completed
SHRADHA 2017-12-11
SHREDIGCEM 2019-08-19
SHREECEM 2001-07-02
SHREEJISPG 2025-08-26
SHREEPUSHK 2015-09-10
SHREERAMA 2000-03-21
SHRENIK 2017-07-18
SHREYANIND 2002-06-25
SHRIKRISH 2026-04-20
SHRINGARMS 2025-09-17
SHRIPISTON 2016-06-09
SHRIRAMFIN 2002-07-01
SHRIRAMPPS 2021-12-20
SHYAMCENT 2015-07-28
SHYAMMETL 2021-06-24
SHYAMTEL 2002-07-01
SICAGEN 2002-08-12
SIEMENS 1999-01-04
SIGACHI 2021-11-15
SIGIND 2013-06-11
SIGMA 2020-11-12
SIGMAADV 2007-07-19
SIGNATURE 2023-09-27
SIGNPOST 2024-02-14
SIKA 2026-04-20
SIKKO 2017-07-27
SIL 2002-07-01
SILGO 2018-10-29
SILINV 2002-07-01
SILLYMONKS 2018-01-18
SILVERTUC 2017-12-01
SIMBHALS 2006-06-27
SIMPLEXINF 2004-03-09
SINCLAIR 2024-04-10
SINDHUTRAD 2023-06-20
SINGERIND 2026-03-19
SINTERCOM 2018-02-15
SIRCA 2018-06-13
SIS 2017-08-10
SITINET 2007-01-10
SIYSIL 2002-04-19
SJS 2021-11-15
SJVN 2010-05-20
SKFINDIA 2002-08-12
SKFINDUS 2025-12-08
SKIPPER 2015-05-27
SKMEGGPROD 2002-07-05
SKYGOLD 2023-01-06
SMARTLINK 2002-07-01
SMARTWORKS 2025-07-17
1950/2372 completed
SMCGLOBAL 2021-02-24
SMLMAH 2002-07-01
SMLT 2021-11-25
SMSPHARMA 2007-02-28
SNOWMAN 2014-09-12
SOBHA 2006-12-20
SOFTTECH 2018-05-25
SOLARA 2018-06-27
SOLARINDS 2006-04-03
SOLARWORLD 2025-09-30
SOLEX 2018-02-06
SOMANYCERA 2002-07-01
SOMATEX 2002-07-01
SOMICONVEY 2016-07-18
SONACOMS 2021-06-24
SONAL 2026-04-22
SONAMLTD 2018-06-28
SONATSOFTW 2002-07-01
SOTL 2002-07-01
SOUTHBANK 1998-12-14
SOUTHWEST 2018-02-19
SPAL 2016-08-12
SPANDANA 2019-08-19
SPARC 2003-01-14
SPCENET 2013-11-13
SPECIALITY 2012-05-30
SPECTRUM 2018-10-16
SPENCERS 2019-01-25
SPIC 2002-07-01
SPLIL 2005-07-26
SPLPETRO 2002-07-01
SPMLINFRA 2002-07-01
SPORTKING 2022-08-24
SRD 2024-10-09
SREEL 2014-01-01
SRF 2002-07-01
SRGHFL 2023-08-21
SRHHYPOLTD 2007-05-08
SRM 2024-04-03
SRTL 2026-03-02
SSDL 2024-08-20
SSWL 2005-06-06
STALLION 2025-01-23
STANLEY 2024-06-28
STAR 2002-06-26
STARCEMENT 2017-06-19
STARHEALTH 2021-12-10
STARPAPER 2002-07-01
STARTECK 2022-05-04
STCINDIA 2003-04-01
2000/2372 completed
STEELCAS 2021-11-23
STEELCITY 2017-03-16
STEELXIND 2017-07-20
STEL 2011-02-09
STERTOOLS 2006-02-02
STLNETWORK 2025-09-04
STLTECH 2000-12-08
STOVEKRAFT 2021-02-08
STUDDS 2025-11-07
STYL 2025-09-30
STYLAMIND 2021-08-02
STYLEBAAZA 2024-09-06
STYRENIX 2002-08-12
SUBEXLTD 2003-09-05
SUBROS 2005-07-13
SUDARCOLOR 2002-07-01
SUDARSCHEM 2005-03-03
SUDEEPPHRM 2025-11-28
SUKHJITS 2022-11-07
SULA 2022-12-22
SUMEETINDS 2010-12-10
SUMICHEM 2020-01-27
SUMIT 2018-09-26
SUMMITSEC 2009-11-26
SUNCLAY 2023-12-29
SUNDARAM 2010-06-02
SUNDARMFIN 2002-07-01
SUNDRMBRAK 2002-08-12
SUNDRMFAST 2002-07-01
SUNDROP 2002-07-01
SUNFLAG 2005-09-29
SUNPHARMA 1996-01-01
SUNTECK 2009-11-13
SUNTV 2006-04-24
SUPERHOUSE 2014-09-26
SUPERSPIN 2004-07-09
SUPRAJIT 2005-02-18
SUPREME 2025-02-03
SUPREMEENG 2018-09-24
SUPREMEIND 2002-07-01
SUPREMEINF 2007-10-18
SUPRIYA 2021-12-28
SURAJEST 2023-12-26
SURAJLTD 2024-08-29
SURAKSHA 2024-12-06
SURANASOL 2002-08-12
SURANAT&P 2002-07-01
SURYALA 2026-04-20
SURYALAXMI 2002-07-01
2050/2372 completed
SURYAROSNI 2002-07-01
SURYODAY 2021-03-26
SUTLEJTEX 2002-08-12
SUVEN 2003-10-24
SUVIDHAA 2021-03-31
SUYOG 2024-08-20
SUZLON 2005-10-19
SVLL 2018-06-18
SVPGLOB 2021-07-14
SWANCORP 2012-05-29
SWANDEF 2009-10-09
SWARAJENG 2002-07-01
SWELECTES 2006-05-09
SWIGGY 2024-11-13
SWSOLAR 2019-08-20
SYMPHONY 2011-06-15
SYNCOMF 2022-11-18
SYNGENE 2015-08-11
SYRMA 2022-08-26
SYSTMTXC 2025-10-06
TAALTECH 2026-04-20
TAINWALCHM 2002-07-02
TAJGVK 2002-08-12
TAKE 2007-08-27
TALBROAUTO 2006-09-29
TAMBOLIIN 2026-04-20
TANLA 2007-01-05
TARACHAND 2018-03-23
TARAPUR 2010-05-18
TARC 2020-12-18
TARIL 2007-12-28
TARMAT 2007-07-09
TARSONS 2021-11-26
TASTYBITE 2017-03-23
TATACAP 2025-10-13
TATACHEM 1996-01-01
TATACOMM 2002-07-01
TATACONSUM 1996-01-01
TATAELXSI 2002-07-01
TATAINVEST 1996-01-01
TATAPOWER 1996-01-01
TATASTEEL 1996-01-01
TATATECH 2023-11-30
TATVA 2021-07-29
TBOTEK 2024-05-15
TBZ 2012-05-09
TCC 2026-02-25
TCI 2002-07-01
TCIEXP 2016-12-15
TCIFINANCE 2003-05-23
2100/2372 completed
TCPLPACK 2017-10-17
TCS 2002-08-12
TDPOWERSYS 2011-09-08
TEAMGTY 2002-07-01
TEAMLEASE 2016-02-12
TECHM 2006-08-28
TECHNOE 2007-04-02
TECHNVISN 2026-04-22
TECILCHEM 2023-04-20
TEGA 2021-12-13
TEJASNET 2017-06-27
TEMBO 2018-08-29
TENNIND 2025-11-19
TERASOFT 2016-12-29
TEXINFRA 2004-09-09
TEXMOPIPES 2010-03-10
TEXRAIL 2004-09-09
TFCILTD 2002-07-01
TFL 2007-02-26
TGBHOTELS 2007-05-17
THACKER 2026-04-20
THAKDEV 2026-04-22
THANGAMAYL 2010-02-19
THEINVEST 2017-08-03
THEJO 2016-07-13
THELEELA 2025-06-02
THEMISMED 2007-04-02
THERMAX 2002-07-01
THOMASCOOK 2002-07-01
THOMASCOTT 2012-01-30
THYROCARE 2016-05-09
TI 2010-07-16
TICL 2008-02-19
TIGERLOGS 2025-09-18
TIIL 2007-02-12
TIINDIA 2017-11-02
TIJARIA 2011-10-14
TIL 2002-07-01
TIMETECHNO 2007-06-13
TIMEX 2026-04-23
TIMKEN 2002-08-12
TINNARUBR 2025-04-17
TIPSFILMS 2022-10-06
TIPSMUSIC 2002-07-01
TIRUMALCHM 2002-07-01
TIRUPATIFL 2017-10-12
TITAGARH 2008-04-21
TITAN 1996-01-01
TMB 2022-09-15
TMCV 2025-11-12
2150/2372 completed
TMPV 1991-01-02
TNPETRO 2002-07-01
TNPL 2002-08-12
TNTELE 1999-01-04
TOKYOPLAST 2002-07-01
TOLINS 2024-09-16
TORNTPHARM 2002-07-01
TORNTPOWER 2006-11-28
TOTAL 2017-08-07
TOUCHWOOD 2017-12-21
TPHQ 2003-01-24
TPLPLASTEH 2015-05-20
TRACXN 2022-10-20
TRANSPEK 2026-04-22
TRANSRAILL 2024-12-27
TRANSWORLD 2002-07-01
TRAVELFOOD 2025-07-14
TREEHOUSE 2011-08-26
TREJHARA 2018-12-28
TREL 2023-08-10
TRENT 2002-07-01
TRF 2010-01-08
TRIDENT 2002-07-01
TRIGYN 2002-07-01
TRITURBINE 2011-10-28
TRIVENI 2005-12-13
TRU 2022-05-10
TRUALT 2025-10-06
TSFINV 2018-03-27
TTKHLTCARE 2010-01-08
TTKPRESTIG 2002-07-01
TTL 2007-02-22
TTML 2000-10-26
TVSELECT 2002-07-01
TVSHLTD 2002-08-12
TVSMOTOR 2000-08-02
TVSSCS 2023-08-23
TVSSRICHAK 2007-02-13
TVTODAY 2004-01-16
TVVISION 2016-09-15
UBL 2008-07-28
UCAL 1999-01-01
UCOBANK 2003-10-09
UDS 2023-10-04
UEL 2011-10-20
UFBL 2021-04-07
UFLEX 2002-07-01
UFO 2015-05-14
UGARSUGAR 2010-08-23
UGROCAP 2021-08-11
2200/2372 completed
UJJIVANSFB 2019-12-12
ULTRACEMCO 2002-08-12
ULTRAMAR 2026-04-22
UMAEXPORTS 2022-04-07
UMESLTD 2008-01-01
UMIYA-MRO 2002-08-12
UNICHEMLAB 2002-07-01
UNIDT 2020-09-25
UNIECOM 2024-08-13
UNIENTER 2002-07-01
UNIINFO 2018-03-15
UNIMECH 2024-12-31
UNIONBANK 2002-09-24
UNIPARTS 2022-12-12
UNITDSPR 2002-07-01
UNITECH 2002-07-01
UNITEDPOLY 2017-03-16
UNITEDTEA 2010-01-08
UNIVASTU 2018-06-27
UNIVCABLES 2002-07-01
UNIVPHOTO 2020-02-14
UNOMINDA 2007-02-02
UPL 2002-07-01
URAVIDEF 2018-04-13
URBANCO 2025-09-17
URJA 2017-03-28
USHAMART 2002-01-01
USK 2023-04-03
UTIAMC 2020-10-13
UTKARSHBNK 2023-07-21
UTLSOLAR 2025-11-20
UTTAMSUGAR 2006-04-10
UYFINCORP 2024-10-03
V2RETAIL 2007-07-04
VADILALIND 2011-06-15
VAIBHAVGBL 2004-04-06
VAISHALI 2017-08-22
VAKRANGEE 2006-04-03
VALIANTLAB 2023-10-06
VALIANTORG 2020-10-05
VAML 2026-06-15
VARDHACRLC 2003-09-30
VARDMNPOLY 2002-08-12
VARROC 2018-07-09
VASCONEQ 2010-02-15
VASWANI 2011-10-24
VBL 2016-11-08
VCL 2022-04-19
VEDL 1996-01-01
VEDPOWER 2026-06-15
2250/2372 completed
VEEDOL 2007-01-16
VELJAN 2026-04-20
VENKEYS 2002-07-01
VENTIVE 2024-12-30
VENUSPIPES 2022-05-24
VENUSREM 2006-12-20
VERANDA 2022-04-11
VERTOZ 2017-11-24
VESUVIUS 2002-07-01
VETO 2015-04-29
VGL 2006-11-21
VGUARD 2008-03-13
VHL 2002-07-01
VHLTD 2007-08-21
VIDHIING 2016-03-02
VIDYAWIRES 2025-12-10
VIJAYA 2021-09-14
VIJIFIN 2016-07-11
VIKASECO 2011-12-12
VIKASLIFE 2019-05-08
VIKRAMSOLR 2025-08-26
VIKRAN 2025-09-03
VIMTALABS 2005-12-15
VINATIORGA 2009-07-28
VINCOFE 2024-10-18
VINDHYATEL 2002-07-01
VINEETLAB 2021-06-15
VINNY 2018-10-26
VINYLINDIA 2008-01-01
VIPCLOTHNG 2007-08-06
VIPIND 2002-07-01
VIPULLTD 2010-01-08
VIRINCHI 2023-05-03
VISACHROME 2006-03-17
VISAKAIND 2002-07-01
VISHNU 2015-03-05
VISHWARAJ 2019-10-15
VISL 2026-06-15
VITAL 2022-11-14
VIVIANA 2022-09-16
VIVIDHA 2013-05-21
VIVIMEDLAB 2005-08-17
VIYASH 2016-03-10
VLEGOV 2023-08-14
VLSFINANCE 2002-06-26
VMART 2013-02-20
VMM 2024-12-18
VMSTMT 2025-09-24
VOGL 2026-06-15
VOLTAMP 2006-09-20
2300/2372 completed
VOLTAS 2002-07-01
VPRPL 2023-09-05
VRAJ 2024-07-03
VRLLOG 2015-04-30
VSSL 2012-05-17
VSTIND 2002-07-01
VSTL 2024-02-20
VSTTILLERS 2011-06-20
VTL 2002-07-01
WAAREEENER 2024-10-28
WAAREEINDO 2010-09-29
WAAREERTL 2025-04-09
WABAG 2010-10-13
WAKEFIT 2025-12-15
WALCHANNAG 2002-07-01
WANBURY 2007-01-29
WCIL 2024-09-24
WEALTH 2017-03-21
WEBELSOLAR 2007-05-15
WEIZMANIND 2002-07-02
WEL 2019-08-22
WELCORP 2000-06-23
WELENT 2004-11-04
WELINV 2003-12-04
WELSPLSOL 2026-04-21
WELSPUNLIV 2003-12-04
WENDT 2006-08-07
WESTLIFE 2019-08-19
WEWIN 2018-07-06
WEWORK 2025-10-10
WHEELS 2002-07-01
WHIRLPOOL 2002-08-12
WILLAMAGOR 2002-07-01
WINDLAS 2021-08-16
WINDMACHIN 2002-08-12
WINSOME 2002-07-01
WIPL 2017-04-18
WIPRO 1996-01-01
WOCKPHARMA 2002-07-01
WONDERLA 2014-05-09
WORTHPERI 2017-09-27
WPIL 2026-04-20
WSI 2007-08-01
WSTCSTPAPR 2002-07-01
XCHANGING 2005-03-09
XELPMOC 2019-02-04
XPROINDIA 2004-04-27
XTGLOBAL 2024-09-16
YASHO 2023-08-21
YATHARTH 2023-08-07
2350/2372 completed
YATRA 2023-09-28
YESBANK 2005-07-12
YUKEN 2021-09-02
ZAGGLE 2023-09-22
ZEEL 2002-07-01
ZEELEARN 2010-12-20
ZEEMEDIA 2002-08-12
ZENITHEXPO 2002-07-02
ZENITHSTL 2007-04-30
ZENSARTECH 2002-07-01
ZENTEC 2015-03-30
ZFCVINDIA 2002-08-12
ZFSTEERING 2026-04-21
ZIMLAB 2022-11-25
ZODIAC 2017-12-05
ZODIACLOTH 2002-07-01
ZOTA 2017-05-10
ZSARACOM 2026-04-20
ZUARI 2012-11-27
ZUARIIND 2002-07-01
ZYDUSLIFE 2000-04-27
ZYDUSWELL 2009-11-13
IPO SUCCESS

==================================================
LATEST_INDICATORS STARTED
==================================================
LATEST INDICATORS: 2395
LATEST_INDICATORS SUCCESS

DAILY UPDATE COMPLETED

==================================================
UNIVERSE STARTED
==================================================
Loaded: 2372 stocks
UNIVERSE SUCCESS

==================================================
HISTORY STARTED
==================================================
20MICRONS added 1 candles
21STCENMGM added 1 candles
360ONE added 1 candles
3BBLACKBIO added 1 candles
3IINFOLTD added 1 candles
3MINDIA added 1 candles
3PLAND added 1 candles
5PAISA added 1 candles
63MOONS added 1 candles
A2ZINFRA added 1 candles
AAATECH added 1 candles
AADHARHFC added 1 candles
AAKASH added 1 candles
AAREYDRUGS added 1 candles
AARNAV added 1 candles
AARON added 1 candles
AARTECH added 1 candles
AARTIDRUGS added 1 candles
AARTIIND added 1 candles
AARTIPHARM added 1 candles
AARTISURF added 1 candles
AARVI added 1 candles
AAVAS added 1 candles
ABANSENT added 1 candles
ABB added 1 candles
ABBOTINDIA added 1 candles
ABCAPITAL added 1 candles
ABCOTS added 1 candles
ABDL added 1 candles
ABFRL added 1 candles
ABINFRA added 1 candles
ABLBL added 1 candles
ABMINTLLTD added 1 candles
ABMKNO added 1 candles
ABREL added 1 candles
ABSLAMC added 1 candles
ACC added 1 candles
ACCELYA added 1 candles
ACCURACY added 1 candles
ACE added 1 candles
ACEINTEG added 1 candles
ACI added 1 candles
ACL added 1 candles
ACMESOLAR added 1 candles
ACSTECH added 1 candles
ACUTAAS added 1 candles
ADANIENSOL added 1 candles
ADANIENT added 1 candles
ADANIGREEN added 1 candles
ADANIPORTS added 1 candles
ADANIPOWER added 1 candles
ADFFOODS added 1 candles
ADL added 1 candles
ADOR added 1 candles
ADROITINFO added 1 candles
ADSL added 1 candles
ADVAIT added 1 candles
ADVANCE added 1 candles
ADVANIHOTR added 1 candles
ADVENTHTL added 1 candles
ADVENZYMES added 1 candles
AEGISLOG added 1 candles
AEGISVOPAK added 1 candles
AEPL added 1 candles
AEQUS added 1 candles
AEROENTER added 1 candles
AEROFLEX added 1 candles
AERONEU added 1 candles
AETHER added 1 candles
AFCONS added 1 candles
AFFLE added 1 candles
AFFORDABLE added 1 candles
AFIL added 1 candles
AFSL added 1 candles
AGARIND added 1 candles
AGARWALEYE added 1 candles
AGI added 1 candles
AGIIL added 1 candles
AGRITECH added 1 candles
AGROPHOS added 1 candles
AHCL added 1 candles
AHLADA added 1 candles
AHLEAST added 1 candles
AHLUCONT added 1 candles
AHLWEST added 1 candles
AIAENG added 1 candles
AIIL added 1 candles
AIRAN added 1 candles
AIROLAM added 1 candles
AJANTPHARM added 1 candles
AJAXENGG added 1 candles
AJMERA added 1 candles
AJOONI added 1 candles
AKASH added 1 candles
AKCAPIT added 1 candles
AKG added 1 candles
AKI added 1 candles
AKSHAR added 1 candles
AKSHARCHEM added 1 candles
AKSHOPTFBR added 1 candles
100/2372
AKUMS added 1 candles
ALANKIT added 1 candles
ALBERTDAVD added 1 candles
ALEMBICLTD added 1 candles
ALGOQUANT added 1 candles
ALICON added 1 candles
ALIVUS added 1 candles
ALKALI added 1 candles
ALKEM added 1 candles
ALKYLAMINE added 1 candles
ALLCARGO added 1 candles
ALLDIGI added 1 candles
ALLTIME added 1 candles
ALMONDZ added 1 candles
ALOKINDS added 1 candles
ALPA added 1 candles
ALPHAGEO added 1 candles
AMAGI added 1 candles
AMANTA added 1 candles
AMBALALSA added 1 candles
AMBER added 1 candles
AMBICAAGAR added 1 candles
AMBIKCO added 1 candles
AMBUJACEM added 1 candles
AMDIND added 1 candles
AMIRCHAND added 1 candles
AMJLAND added 1 candles
AMNPLST added 1 candles
AMRUTANJAN added 1 candles
ANANDRATHI added 1 candles
ANANTRAJ added 1 candles
ANDHRAPAP added 1 candles
ANDHRSUGAR added 1 candles
ANGELONE added 1 candles
ANIKINDS added 1 candles
ANKITMETAL added 1 candles
ANMOL added 1 candles
ANSALAPI added 1 candles
ANTELOPUS added 1 candles
ANTGRAPHIC added 1 candles
ANTHEM added 1 candles
ANUHPHR added 1 candles
ANUP added 1 candles
ANURAS added 1 candles
APARINDS added 1 candles
APCL added 1 candles
APCOTEXIND added 1 candles
APEX added 1 candles
APLAPOLLO added 1 candles
APLLTD added 1 candles
APOLLO added 1 candles
APOLLOHOSP added 1 candles
APOLLOPIPE added 1 candles
APOLLOTYRE added 1 candles
APOLSINHOT added 1 candles
APTECHT added 1 candles
APTUS added 1 candles
AQYLON added 1 candles
ARCHIDPLY added 1 candles
ARCHIES added 1 candles
ARE&M added 1 candles
ARENTERP added 1 candles
ARFIN added 1 candles
ARIES added 1 candles
ARIHANT added 1 candles
ARIHANTCAP added 1 candles
ARIHANTSUP added 1 candles
ARIS added 1 candles
ARKADE added 1 candles
ARMANFIN added 1 candles
AROGRANITE added 1 candles
ARROWGREEN added 1 candles
ARSHIYA added 1 candles
ARSSBL added 1 candles
ARTEMISMED added 1 candles
ARTNIRMAN added 1 candles
ARVEE added 1 candles
ARVIND added 1 candles
ARVINDFASN added 1 candles
ARVSMART added 1 candles
ASAHIINDIA added 1 candles
ASAHISONG added 1 candles
ASAL added 1 candles
ASALCBR added 1 candles
ASHAPURMIN added 1 candles
ASHIANA added 1 candles
ASHIKA added 1 candles
ASHIMASYN added 1 candles
ASHOKA added 1 candles
ASHOKAMET added 1 candles
ASHOKLEY added 1 candles
ASIANENE added 1 candles
ASIANHOTNR added 1 candles
ASIANPAINT added 1 candles
ASIANTILES added 1 candles
ASKAUTOLTD added 1 candles
ASMS added 1 candles
ASPINWALL added 1 candles
ASTAR added 1 candles
ASTEC added 1 candles
200/2372
ASTERDM added 1 candles
ASTRAL added 1 candles
ASTRAMICRO added 1 candles
ASTRAZEN added 1 candles
ASTRON added 1 candles
ATALREAL added 1 candles
ATAM added 1 candles
ATGL added 1 candles
ATHERENERG added 1 candles
ATL added 1 candles
ATLANTAA added 1 candles
ATLANTAELE added 1 candles
ATLASCYCLE added 1 candles
ATUL added 1 candles
ATULAUTO added 1 candles
AUBANK added 1 candles
AURIGROW added 1 candles
AURIONPRO added 1 candles
AUROPHARMA added 1 candles
AURUM added 1 candles
AUSOMENT added 1 candles
AUTOAXLES added 1 candles
AUTOIND added 1 candles
AVADHSUGAR added 1 candles
AVALON added 1 candles
AVANTEL added 1 candles
AVANTIFEED added 1 candles
AVG added 1 candles
AVL added 1 candles
AVONMORE added 1 candles
AVROIND added 1 candles
AVTNPL added 1 candles
AWFIS added 1 candles
AWHCL added 1 candles
AWL added 1 candles
AXISBANK added 1 candles
AXISCADES added 1 candles
AXITA added 1 candles
AYE added 1 candles
AYMSYNTEX added 1 candles
AZAD added 1 candles
BAFNAPH added 1 candles
BAGFILMS added 1 candles
BAIDFIN added 1 candles
BAJAJ-AUTO added 1 candles
BAJAJCON added 1 candles
BAJAJELEC added 1 candles
BAJAJFINSV added 1 candles
BAJAJHCARE added 1 candles
BAJAJHFL added 1 candles
BAJAJHIND added 1 candles
BAJAJHLDNG added 1 candles
BAJAJINDEF added 1 candles
BAJAJST added 1 candles
BAJEL added 1 candles
BAJFINANCE added 1 candles
BALAJEE added 1 candles
BALAJITELE added 1 candles
BALAMINES added 1 candles
BALAXI added 1 candles
BALKRISHNA added 1 candles
BALKRISIND added 1 candles
BALMLAWRIE added 1 candles
BALPHARMA added 1 candles
BALRAMCHIN added 1 candles
BALUFORGE added 1 candles
BANARBEADS added 1 candles
BANARISUG added 1 candles
BANCOINDIA added 1 candles
BANDHANBNK added 1 candles
BANG added 1 candles
BANKA added 1 candles
BANKBARODA added 1 candles
BANKINDIA added 1 candles
BANSALWIRE added 1 candles
BANSWRAS added 1 candles
BASF added 1 candles
BASML added 1 candles
BATAINDIA added 1 candles
BATLIBOI added 1 candles
BAYERCROP added 1 candles
BBL added 1 candles
BBOX added 1 candles
BBTC added 1 candles
BBTCL added 1 candles
BCG added 1 candles
BCLIND added 1 candles
BCONCEPTS added 1 candles
BCPL added 1 candles
BDL added 1 candles
BEARDSELL added 1 candles
BECTORFOOD added 1 candles
BEDMUTHA added 1 candles
BEEKAY added 1 candles
BEL added 1 candles
BELLACASA added 1 candles
BELRISE added 1 candles
BEML added 1 candles
BENGALASM added 1 candles
BEPL added 1 candles
300/2372
BERGEPAINT added 1 candles
BESTAGRO added 1 candles
BETA added 1 candles
BFINVEST added 1 candles
BFUTILITIE added 1 candles
BGRENERGY added 1 candles
BHAGCHEM added 1 candles
BHAGERIA added 1 candles
BHAGYANGR added 1 candles
BHANDARI added 1 candles
BHARATCOAL added 1 candles
BHARATFORG added 1 candles
BHARATGEAR added 1 candles
BHARATRAS added 1 candles
BHARATSE added 1 candles
BHARATWIRE added 1 candles
BHARTIARTL added 1 candles
BHARTIHEXA added 1 candles
BHEL added 1 candles
BI added 1 candles
BIGBLOC added 1 candles
BIKAJI added 1 candles
BIL added 1 candles
BILVYAPAR added 1 candles
BIMETAL added 1 candles
BIOCON added 1 candles
BIOFILCHEM added 1 candles
BIRLACABLE added 1 candles
BIRLACORPN added 1 candles
BIRLAMONEY added 1 candles
BIRLANU added 1 candles
BIRLAPREC added 1 candles
BLACKBUCK added 1 candles
BLACKROSE added 1 candles
BLAL added 1 candles
BLBLIMITED added 1 candles
BLIL added 1 candles
BLISSGVS added 1 candles
BLKASHYAP added 1 candles
BLS added 1 candles
BLSE added 1 candles
BLUECOAST added 1 candles
BLUEDART added 1 candles
BLUEJET added 1 candles
BLUESTARCO added 1 candles
BLUESTONE added 1 candles
BLUSPRING added 1 candles
BMWVENTLTD added 1 candles
BNAGROCHEM added 1 candles
BODALCHEM added 1 candles
BOHRAIND added 1 candles
BOMDYEING added 1 candles
BONLON added 1 candles
BORANA added 1 candles
BOROLTD added 1 candles
BORORENEW added 1 candles
BOROSCI added 1 candles
BOSCH-HCIL added 1 candles
BOSCHLTD added 1 candles
BPCL added 1 candles
BPL added 1 candles
BRIGADE added 1 candles
BRIGHOTEL added 1 candles
BRITANNIA added 1 candles
BRNL added 1 candles
BROOKS added 1 candles
BSE added 1 candles
BSHSL added 1 candles
BSL added 1 candles
BSOFT added 1 candles
BTML added 1 candles
BTTL added 1 candles
BUILDPRO added 1 candles
BUTTERFLY added 1 candles
BVCL added 1 candles
BYKE added 1 candles
CALSOFT added 1 candles
CAMLINFINE added 1 candles
CAMPUS added 1 candles
CAMS added 1 candles
CANBK added 1 candles
CANFINHOME added 1 candles
CANHLIFE added 1 candles
CANTABIL added 1 candles
CAPACITE added 1 candles
CAPILLARY added 1 candles
CAPITALSFB added 1 candles
CAPLIPOINT added 1 candles
CAPTRUST added 1 candles
CARBORUNIV added 1 candles
CARERATING added 1 candles
CARRARO added 1 candles
CARTRADE added 1 candles
CARYSIL added 1 candles
CASTROLIND added 1 candles
CCAVENUE added 1 candles
CCCL added 1 candles
CCHHL added 1 candles
CCL added 1 candles
400/2372
CDSL added 1 candles
CEATLTD added 1 candles
CEIGALL added 1 candles
CEINSYS added 1 candles
CELEBRITY added 1 candles
CELLO added 1 candles
CEMPRO added 1 candles
CENTENKA added 1 candles
CENTEXT added 1 candles
CENTRALBK added 1 candles
CENTRUM added 1 candles
CENTUM added 1 candles
CENTURYPLY added 1 candles
CERA added 1 candles
CEREBRAINT added 1 candles
CESC added 1 candles
CEWATER added 1 candles
CGCL added 1 candles
CGPOWER added 1 candles
CHALET added 1 candles
CHAMBLFERT added 1 candles
CHEMBOND added 1 candles
CHEMBONDCH added 1 candles
CHEMCON added 1 candles
CHEMFAB added 1 candles
CHEMPLASTS added 1 candles
CHENNPETRO added 1 candles
CHEVIOT added 1 candles
CHOICEIN added 1 candles
CHOLAFIN added 1 candles
CHOLAHLDNG added 1 candles
CIEINDIA added 1 candles
CIFL added 1 candles
CINELINE added 1 candles
CINEVISTA added 1 candles
CIPLA added 1 candles
CLEAN added 1 candles
CLEANMAX added 1 candles
CLEDUCATE added 1 candles
CLSEL added 1 candles
CMPDI added 1 candles
CMRGREEN added 1 candles
CMSINFO added 1 candles
CNL added 1 candles
COALINDIA added 1 candles
COASTCORP added 1 candles
COCHINSHIP added 1 candles
COCKERILL added 1 candles
COFFEEDAY added 1 candles
COFORGE added 1 candles
COHANCE added 1 candles
COLPAL added 1 candles
COMFINTE added 1 candles
COMPINFO added 1 candles
COMPUSOFT added 1 candles
COMSYN added 1 candles
CONCOR added 1 candles
CONCORDBIO added 1 candles
CONFIPET added 1 candles
CONSOFINVT added 1 candles
CONTROLPR added 1 candles
CORALFINAC added 1 candles
CORDSCABLE added 1 candles
COROMANDEL added 1 candles
CORONA added 1 candles
COSMOFIRST added 1 candles
COUNCODOS added 1 candles
CPCAP added 1 candles
CPEDU added 1 candles
CPPLUS added 1 candles
CRAFTSMAN added 1 candles
CRAMC added 1 candles
CREATIVEYE added 1 candles
CREDITACC added 1 candles
CREST added 1 candles
CRISIL added 1 candles
CRIZAC added 1 candles
CROMPTON added 1 candles
CROWN added 1 candles
CSBBANK added 1 candles
CSLFINANCE added 1 candles
CTE added 1 candles
CUB added 1 candles
CUBEXTUB added 1 candles
CUMMINSIND added 1 candles
CUPID added 1 candles
CURAA added 1 candles
CYBERMEDIA added 1 candles
CYBERTECH added 1 candles
CYIENT added 1 candles
CYIENTDLM added 1 candles
DABUR added 1 candles
DAICHI added 1 candles
DALBHARAT added 1 candles
DALMIASUG added 1 candles
DAMCAPITAL added 1 candles
DAMODARIND added 1 candles
DANGEE added 1 candles
DATAMATICS added 1 candles
DATAPATTNS added 1 candles
500/2372
DAVANGERE added 1 candles
DBCORP added 1 candles
DBEIL added 1 candles
DBL added 1 candles
DBOL added 1 candles
DBREALTY added 1 candles
DBSTOCKBRO added 1 candles
DCAL added 1 candles
DCBBANK added 1 candles
DCI added 1 candles
DCM added 1 candles
DCMFINSERV added 1 candles
DCMNVL added 1 candles
DCMSHRIRAM added 1 candles
DCMSIL added 1 candles
DCMSRIND added 1 candles
DCW added 1 candles
DCXINDIA added 1 candles
DDEVPLSTIK added 1 candles
DECCANCE added 1 candles
DECNGOLD added 1 candles
DEEDEV added 1 candles
DEEPAKFERT added 1 candles
DEEPAKNTR added 1 candles
DEEPINDS added 1 candles
DELHIVERY added 1 candles
DELPHIFX added 1 candles
DELTACORP added 1 candles
DELTAMAGNT added 1 candles
DEN added 1 candles
DENORA added 1 candles
DENTA added 1 candles
DEVIT added 1 candles
DEVX added 1 candles
DEVYANI added 1 candles
DGCONTENT added 1 candles
DHAMPURSUG added 1 candles
DHANBANK added 1 candles
DHANUKA added 1 candles
DHARAN added 1 candles
DHARMAJ added 1 candles
DHRUV added 1 candles
DHUNINV added 1 candles
DIACABS added 1 candles
DIAMINESQ added 1 candles
DIAMONDYD added 1 candles
DICIND added 1 candles
DIFFNKG added 1 candles
DIGIDRIVE added 1 candles
DIGISPICE added 1 candles
DIGITIDE added 1 candles
DIGJAMLMTD added 1 candles
DISAQ added 1 candles
DISHTV added 1 candles
DIVGIITTS added 1 candles
DIVISLAB added 1 candles
DIXON added 1 candles
DJML added 1 candles
DLF added 1 candles
DLINKINDIA added 1 candles
DMART added 1 candles
DMCC added 1 candles
DNAMEDIA added 1 candles
DODLA added 1 candles
DOLATALGO added 1 candles
DOLLAR added 1 candles
DOLPHIN added 1 candles
DOMS added 1 candles
DONEAR added 1 candles
DPABHUSHAN added 1 candles
DPSCLTD added 1 candles
DPWIRES added 1 candles
DRAGARWQ added 1 candles
DRCSYSTEMS added 1 candles
DREAMFOLKS added 1 candles
DREDGECORP added 1 candles
DRREDDY added 1 candles
DSFCL added 1 candles
DSSL added 1 candles
DTIL added 1 candles
DUCON added 1 candles
DVL added 1 candles
DWARKESH added 1 candles
DYCL added 1 candles
DYNAMATECH added 1 candles
DYNPRO added 1 candles
E2E added 1 candles
EASEMYTRIP added 1 candles
EASTSILK added 1 candles
EBGNG added 1 candles
ECLERX added 1 candles
ECOSMOBLTY added 1 candles
EDELWEISS added 1 candles
EFCIL added 1 candles
EICHERMOT added 1 candles
EIDPARRY added 1 candles
EIEL added 1 candles
EIFFL added 1 candles
EIHAHOTELS added 1 candles
EIHOTEL added 1 candles
600/2372
EIMCOELECO added 1 candles
EKC added 1 candles
ELANTAS added 1 candles
ELCIDIN added 1 candles
ELDEHSG added 1 candles
ELECON added 1 candles
ELECTCAST added 1 candles
ELECTHERM added 1 candles
ELGIEQUIP added 1 candles
ELGIRUBCO added 1 candles
ELIN added 1 candles
ELITECON added 1 candles
ELLEN added 1 candles
ELPROINTL added 1 candles
EMAMILTD added 1 candles
EMAMIPAP added 1 candles
EMAMIREAL added 1 candles
EMBDL added 1 candles
EMCURE added 1 candles
EMIL added 1 candles
EMKAY added 1 candles
EMMBI added 1 candles
EMMVEE added 1 candles
EMPOWER added 1 candles
EMSLIMITED added 1 candles
EMUDHRA added 1 candles
ENDURANCE added 1 candles
ENERGYDEV added 1 candles
ENGINERSIN added 1 candles
ENIL added 1 candles
ENRIN added 1 candles
ENTERO added 1 candles
EPACK added 1 candles
EPACKPEB added 1 candles
EPIGRAL added 1 candles
EPL added 1 candles
EQUIPPP added 1 candles
EQUITASBNK added 1 candles
ERIS added 1 candles
ESABINDIA added 1 candles
ESAFSFB added 1 candles
ESCORTS added 1 candles
ESSARSHPNG added 1 candles
ESSENTIA added 1 candles
ESTER added 1 candles
ETERNAL added 1 candles
ETHOSLTD added 1 candles
EUREKAFORB added 1 candles
EUROBOND added 1 candles
EUROPRATIK added 1 candles
EUROTEXIND added 1 candles
EVEREADY added 1 candles
EVERESTIND added 1 candles
EXCELINDUS added 1 candles
EXCELSOFT added 1 candles
EXICOM added 1 candles
EXIDEIND added 1 candles
EXPLEOSOL added 1 candles
EXXARO added 1 candles
FABTECH added 1 candles
FACT added 1 candles
FAIRCHEMOR added 1 candles
FAZE3Q added 1 candles
FCL added 1 candles
FCSSOFT added 1 candles
FDC added 1 candles
FEDDERSHOL added 1 candles
FEDERALBNK added 1 candles
FEDFINA added 1 candles
FEL added 1 candles
FELDVR added 1 candles
FERMENTA added 1 candles
FIBERWEB added 1 candles
FIEMIND added 1 candles
FILATEX added 1 candles
FILATFASH added 1 candles
FINCABLES added 1 candles
FINEORG added 1 candles
FINKURVE added 1 candles
FINOPB added 1 candles
FINPIPE added 1 candles
FIRSTCRY added 1 candles
FISCHER added 1 candles
FIVESTAR added 1 candles
FLAIR added 1 candles
FLEXITUFF added 1 candles
FLFL added 1 candles
FLUOROCHEM added 1 candles
FMGOETZE added 1 candles
FMNL added 1 candles
FOCUS added 1 candles
FOODSIN added 1 candles
FORCEMOT added 1 candles
FORTIS added 1 candles
FOSECOIND added 1 candles
FRACTAL added 1 candles
FRONTSP added 1 candles
FSL added 1 candles
FUSION added 1 candles
GABRIEL added 1 candles
700/2372
GAEL added 1 candles
GAIL added 1 candles
GALAPREC added 1 candles
GALAXYSURF added 1 candles
GALLANTT added 1 candles
GANDHAR added 1 candles
GANDHITUBE added 1 candles
GANECOS added 1 candles
GANESHBE added 1 candles
GANESHCP added 1 candles
GANESHHOU added 1 candles
GANGAFORGE added 1 candles
GANGESSECU added 1 candles
GARFIBRES added 1 candles
GARUDA added 1 candles
GATECH added 1 candles
GATECHDVR added 1 candles
GATEWAY added 1 candles
GAUDIUMIVF added 1 candles
GAYAHWS added 1 candles
GAYAPROJ added 1 candles
GCSL added 1 candles
GEECEE added 1 candles
GEEKAYWIRE added 1 candles
GEMAROMA added 1 candles
GENCON added 1 candles
GENESYS added 1 candles
GENUSPAPER added 1 candles
GENUSPOWER added 1 candles
GEOJITFSL added 1 candles
GESHIP added 1 candles
GFLLIMITED added 1 candles
GHCL added 1 candles
GHCLTEXTIL added 1 candles
GICHSGFIN added 1 candles
GICL added 1 candles
GICRE added 1 candles
GILLANDERS added 1 candles
GILLETTE added 1 candles
GINNIFILA added 1 candles
GIPCL added 1 candles
GKENERGY added 1 candles
GKSL added 1 candles
GKWLIMITED added 1 candles
GLAND added 1 candles
GLAXO added 1 candles
GLENMARK added 1 candles
GLFL added 1 candles
GLOBAL added 1 candles
GLOBALE added 1 candles
GLOBALVECT added 1 candles
GLOBE added 1 candles
GLOBECIVIL added 1 candles
GLOBUSSPR added 1 candles
GLOSTERLTD added 1 candles
GLOTTIS added 1 candles
GMBREW added 1 candles
GMDCLTD added 1 candles
GMMPFAUDLR added 1 candles
GMRAIRPORT added 1 candles
GMRP&UI added 1 candles
GNA added 1 candles
GNFC added 1 candles
GNRL added 1 candles
GOACARBON added 1 candles
GOCLCORP added 1 candles
GOCOLORS added 1 candles
GODAVARIB added 1 candles
GODFRYPHLP added 1 candles
GODIGIT added 1 candles
GODREJAGRO added 1 candles
GODREJCP added 1 candles
GODREJIND added 1 candles
GODREJPROP added 1 candles
GOKEX added 1 candles
GOKUL added 1 candles
GOKULAGRO added 1 candles
GOLDENTOBC added 1 candles
GOLDIAM added 1 candles
GOLDTECH added 1 candles
GOODLUCK added 1 candles
GOODYEAR added 1 candles
GOPAL added 1 candles
GOYALALUM added 1 candles
GPIL added 1 candles
GPPL added 1 candles
GPTHEALTH added 1 candles
GPTINFRA added 1 candles
GRADIENTE added 1 candles
GRANDOAK added 1 candles
GRANULES added 1 candles
GRAPHITE added 1 candles
GRASIM added 1 candles
GRAUWEIL added 1 candles
GRAVISSHO added 1 candles
GRAVITA added 1 candles
GREAVESCOT added 1 candles
GREENLAM added 1 candles
GREENPANEL added 1 candles
GREENPLY added 1 candles
800/2372
GREENPOWER added 1 candles
GRINDWELL added 1 candles
GRINFRA added 1 candles
GRMOVER added 1 candles
GROBTEA added 1 candles
GROWW added 1 candles
GRPLTD added 1 candles
GRSE added 1 candles
GRWRHITECH added 1 candles
GSFC added 1 candles
GSLSU added 1 candles
GSPCROP added 1 candles
GSS added 1 candles
GTECJAINX added 1 candles
GTL added 1 candles
GTLINFRA added 1 candles
GTPL added 1 candles
GUFICBIO added 1 candles
GUJALKALI added 1 candles
GUJAPOLLO added 1 candles
GUJGASLTD added 1 candles
GUJRAFFIA added 1 candles
GUJTHEM added 1 candles
GULFOILLUB added 1 candles
GULFPETRO added 1 candles
GULPOLY added 1 candles
GVKPIL added 1 candles
GVPIL added 1 candles
GVPTECH added 1 candles
GVT&D added 1 candles
HAL added 1 candles
HALDER added 1 candles
HALDYNGL added 1 candles
HALEOSLABS added 1 candles
HAPPSTMNDS added 1 candles
HAPPYFORGE added 1 candles
HARDWYN added 1 candles
HARIOMPIPE added 1 candles
HARRMALAYA added 1 candles
HARSHA added 1 candles
HATHWAY added 1 candles
HATSUN added 1 candles
HAVELLS added 1 candles
HAVISHA added 1 candles
HAWKINCOOK added 1 candles
HBESD added 1 candles
HBLENGINE added 1 candles
HBSL added 1 candles
HCC added 1 candles
HCG added 1 candles
HCL-INSYS added 1 candles
HCLTECH added 1 candles
HDBFS added 1 candles
HDFCAMC added 1 candles
HDFCBANK added 1 candles
HDFCLIFE added 1 candles
HDIL added 1 candles
HEADSUP added 1 candles
HEALTHX added 1 candles
HECPROJECT added 1 candles
HEG added 1 candles
HEIDELBERG added 1 candles
HEMIPROP added 1 candles
HERANBA added 1 candles
HERITGFOOD added 1 candles
HEROMOTOCO added 1 candles
HESTERBIO added 1 candles
HEXAGON added 1 candles
HEXATRADEX added 1 candles
HEXT added 1 candles
HFCL added 1 candles
HGINFRA added 1 candles
HGM added 1 candles
HGS added 1 candles
HIKAL added 1 candles
HILINFRA added 1 candles
HILTON added 1 candles
HIMATSEIDE added 1 candles
HINDALCO added 1 candles
HINDCOMPOS added 1 candles
HINDCON added 1 candles
HINDCOPPER added 1 candles
HINDOILEXP added 1 candles
HINDPETRO added 1 candles
HINDUNILVR added 1 candles
HINDWAREAP added 1 candles
HINDZINC added 1 candles
HIRECT added 1 candles
HISARMETAL added 1 candles
HITECH added 1 candles
HITECHCORP added 1 candles
HITECHGEAR added 1 candles
HLEGLAS added 1 candles
HLVLTD added 1 candles
HMAAGRO added 1 candles
HMT added 1 candles
HMVL added 1 candles
HNDFDS added 1 candles
HOMEFIRST added 1 candles
HONASA added 1 candles
900/2372
HONAUT added 1 candles
HONDAPOWER added 1 candles
HPAL added 1 candles
HPIL added 1 candles
HPL added 1 candles
HSCL added 1 candles
HTMEDIA added 1 candles
HUBTOWN added 1 candles
HUDCO added 1 candles
HUHTAMAKI added 1 candles
HYBRIDFIN added 1 candles
HYUNDAI added 1 candles
IBULLSLTD added 1 candles
ICDSLTD added 1 candles
ICEMAKE added 1 candles
ICICIAMC added 1 candles
ICICIBANK added 1 candles
ICICIGI added 1 candles
ICICIPRULI added 1 candles
ICIL added 1 candles
ICRA added 1 candles
IDBI added 1 candles
IDEA added 1 candles
IDEAFORGE added 1 candles
IDFCFIRSTB added 1 candles
IEX added 1 candles
IFBAGRO added 1 candles
IFBIND added 1 candles
IFCI added 1 candles
IFGLEXPOR added 1 candles
IGARASHI added 1 candles
IGCL added 1 candles
IGIL added 1 candles
IGL added 1 candles
IGPL added 1 candles
IIFL added 1 candles
IIFLCAPS added 1 candles
IITL added 1 candles
IKIO added 1 candles
IKS added 1 candles
IL&FSENGG added 1 candles
IL&FSTRANS added 1 candles
IMAGICAA added 1 candles
IMFA added 1 candles
IMPAL added 1 candles
INA added 1 candles
INCREDIBLE added 1 candles
INDBANK added 1 candles
INDGN added 1 candles
INDHOTEL added 1 candles
INDIACEM added 1 candles
INDIAGLYCO added 1 candles
INDIAMART added 1 candles
INDIANB added 1 candles
INDIANCARD added 1 candles
INDIANHUME added 1 candles
INDIASHLTR added 1 candles
INDIGO added 1 candles
INDIGOPNTS added 1 candles
INDIQUBE added 1 candles
INDNIPPON added 1 candles
INDOAMIN added 1 candles
INDOBORAX added 1 candles
INDOCO added 1 candles
INDOFARM added 1 candles
INDORAMA added 1 candles
INDOSTAR added 1 candles
INDOTECH added 1 candles
INDOTHAI added 1 candles
INDOUS added 1 candles
INDOWIND added 1 candles
INDPRUD added 1 candles
INDRAMEDCO added 1 candles
INDSWFTLAB added 1 candles
INDTERRAIN added 1 candles
INDUSINDBK added 1 candles
INDUSTOWER added 1 candles
INFOBEAN added 1 candles
INFOMEDIA added 1 candles
INFY added 1 candles
INGERRAND added 1 candles
INNOVACAP added 1 candles
INNOVANA added 1 candles
INNOVISION added 1 candles
INOXGREEN added 1 candles
INOXINDIA added 1 candles
INOXWIND added 1 candles
INSECTICID added 1 candles
INSPIRISYS added 1 candles
INTELLECT added 1 candles
INTENTECH added 1 candles
INTERARCH added 1 candles
INTLCONV added 1 candles
INVENTURE added 1 candles
INVPRECQ added 1 candles
IOB added 1 candles
IOC added 1 candles
IOLCP added 1 candles
IONEXCHANG added 1 candles
IPCALAB added 1 candles
1000/2372
IPL added 1 candles
IRB added 1 candles
IRCON added 1 candles
IRCTC added 1 candles
IREDA added 1 candles
IRFC added 1 candles
IRIS added 1 candles
IRISDOREME added 1 candles
IRMENERGY added 1 candles
ISFT added 1 candles
ISGEC added 1 candles
ISHANCH added 1 candles
ITC added 1 candles
ITCHOTELS added 1 candles
ITDC added 1 candles
ITI added 1 candles
IVALUE added 1 candles
IVC added 1 candles
IVP added 1 candles
IWP added 1 candles
IXIGO added 1 candles
IZMO added 1 candles
J&KBANK added 1 candles
JAGRAN added 1 candles
JAGSNPHARM added 1 candles
JAIBALAJI added 1 candles
JAICORPLTD added 1 candles
JAINREC added 1 candles
JAIPURKURT added 1 candles
JAMNAAUTO added 1 candles
JARO added 1 candles
JASH added 1 candles
JAYAGROGN added 1 candles
JAYBARMARU added 1 candles
JAYKAY added 1 candles
JAYNECOIND added 1 candles
JAYSREETEA added 1 candles
JBCHEPHARM added 1 candles
JBMA added 1 candles
JETFREIGHT added 1 candles
JGCHEM added 1 candles
JHS added 1 candles
JINDALPHOT added 1 candles
JINDALPOLY added 1 candles
JINDALSAW added 1 candles
JINDALSTEL added 1 candles
JINDRILL added 1 candles
JINDWORLD added 1 candles
JIOFIN added 1 candles
JISLDVREQS added 1 candles
JISLJALEQS added 1 candles
JITFINFRA added 1 candles
JKCEMENT added 1 candles
JKIL added 1 candles
JKIPL added 1 candles
JKLAKSHMI added 1 candles
JKPAPER added 1 candles
JKTYRE added 1 candles
JLHL added 1 candles
JMA added 1 candles
JMFINANCIL added 1 candles
JNKINDIA added 1 candles
JOCIL added 1 candles
JPOLYINVST added 1 candles
JPPOWER added 1 candles
JSFB added 1 candles
JSL added 1 candles
JSLL added 1 candles
JSWCEMENT added 1 candles
JSWDULUX added 1 candles
JSWENERGY added 1 candles
JSWHL added 1 candles
JSWINFRA added 1 candles
JSWSTEEL added 1 candles
JTEKTINDIA added 1 candles
JTLIND added 1 candles
JUBLCPL added 1 candles
JUBLFOOD added 1 candles
JUBLINGREA added 1 candles
JUBLPHARMA added 1 candles
JUNIPER added 1 candles
JUSTDIAL added 1 candles
JWL added 1 candles
JYOTHYLAB added 1 candles
JYOTICNC added 1 candles
JYOTISTRUC added 1 candles
KABRAEXTRU added 1 candles
KAJARIACER added 1 candles
KAKATCEM added 1 candles
KALAMANDIR added 1 candles
KALPATARU added 1 candles
KALYANI added 1 candles
KALYANIFRG added 1 candles
KALYANKJIL added 1 candles
KAMAHOLD added 1 candles
KAMATHOTEL added 1 candles
KAMDHENU added 1 candles
KAMOPAINTS added 1 candles
KANANIIND added 1 candles
KANCHI added 1 candles
1100/2372
KANORICHEM added 1 candles
KANPRPLA added 1 candles
KANSAINER added 1 candles
KAPSTON added 1 candles
KARMAENG added 1 candles
KARURVYSYA added 1 candles
KAUSHALYA added 1 candles
KAVDEFENCE added 1 candles
KAYA added 1 candles
KAYNES added 1 candles
KCP added 1 candles
KCPSUGIND added 1 candles
KDDL added 1 candles
KEC added 1 candles
KECL added 1 candles
KEEPLEARN added 1 candles
KEI added 1 candles
KELLTONTEC added 1 candles
KENNAMET added 1 candles
KERNEX added 1 candles
KESORAMIND added 1 candles
KEYFINSERV added 1 candles
KFINTECH added 1 candles
KHADIM added 1 candles
KHAICHEM added 1 candles
KHAITANLTD added 1 candles
KHANDSE added 1 candles
KICL added 1 candles
KILITCH added 1 candles
KIMS added 1 candles
KINGFA added 1 candles
KIOCL added 1 candles
KIRANVYPAR added 1 candles
KIRIINDUS added 1 candles
KIRLFER added 1 candles
KIRLOSBROS added 1 candles
KIRLOSENG added 1 candles
KIRLOSIND added 1 candles
KIRLPNU added 1 candles
KISSHT added 1 candles
KITEX added 1 candles
KKCL added 1 candles
KLBRENG-B added 1 candles
KMEW added 1 candles
KMSUGAR added 1 candles
KNAGRI added 1 candles
KNRCON added 1 candles
KOHINOOR added 1 candles
KOKUYOCMLN added 1 candles
KOLTEPATIL added 1 candles
KOPRAN added 1 candles
KOTAKBANK added 1 candles
KOTARISUG added 1 candles
KOTHARIPET added 1 candles
KOTHARIPRO added 1 candles
KOTIC added 1 candles
KOTYARK added 1 candles
KOVAI added 1 candles
KPEL added 1 candles
KPIGREEN added 1 candles
KPIL added 1 candles
KPITTECH added 1 candles
KPL added 1 candles
KPRMILL added 1 candles
KRBL added 1 candles
KREBSBIO added 1 candles
KRIDHANINF added 1 candles
KRISHANA added 1 candles
KRISHIVAL added 1 candles
KRISHNADEF added 1 candles
KRITI added 1 candles
KRITIKA added 1 candles
KRITINUT added 1 candles
KRN added 1 candles
KRONOX added 1 candles
KROSS added 1 candles
KRSNAA added 1 candles
KRYSTAL added 1 candles
KSB added 1 candles
KSCL added 1 candles
KSHINTL added 1 candles
KSHITIJPOL added 1 candles
KSL added 1 candles
KSOLVES added 1 candles
KSR added 1 candles
KTKBANK added 1 candles
KUANTUM added 1 candles
KWIL added 1 candles
LAGNAM added 1 candles
LAHOTIOV added 1 candles
LAKPRE added 1 candles
LAL added 1 candles
LALPATHLAB added 1 candles
LAMBODHARA added 1 candles
LANCORHOL added 1 candles
LANDMARK added 1 candles
LANDSMILL added 1 candles
LAOPALA added 1 candles
LASA added 1 candles
LATENTVIEW added 1 candles
1200/2372
LATTEYS added 1 candles
LAURUSLABS added 1 candles
LAXMICOT added 1 candles
LAXMIDENTL added 1 candles
LAXMIINDIA added 1 candles
LCCINFOTEC added 1 candles
LEMERITE added 1 candles
LEMONTREE added 1 candles
LENSKART added 1 candles
LEXUS added 1 candles
LFIC added 1 candles
LGBBROSLTD added 1 candles
LGEINDIA added 1 candles
LGHL added 1 candles
LIBAS added 1 candles
LIBERTSHOE added 1 candles
LICHSGFIN added 1 candles
LICI added 1 candles
LIKHITHA added 1 candles
LINC added 1 candles
LINCOLN added 1 candles
LINDEINDIA added 1 candles
LLOYDSENGG added 1 candles
LLOYDSENT added 1 candles
LLOYDSME added 1 candles
LMW added 1 candles
LODHA added 1 candles
LOKESHMACH added 1 candles
LORDSCHLO added 1 candles
LOTUSDEV added 1 candles
LOTUSEYE added 1 candles
LOVABLE added 1 candles
LOYALTEX added 1 candles
LPDC added 1 candles
LT added 1 candles
LTF added 1 candles
LTFOODS added 1 candles
LTM added 1 candles
LTTS added 1 candles
LUMAXIND added 1 candles
LUMAXTECH added 1 candles
LUPIN added 1 candles
LUXIND added 1 candles
LXCHEM added 1 candles
LYKALABS added 1 candles
LYPSAGEMS added 1 candles
M&M added 1 candles
M&MFIN added 1 candles
MAANALU added 1 candles
MACPOWER added 1 candles
MADHAV added 1 candles
MADHAVIPL added 1 candles
MADHUCON added 1 candles
MADRASFERT added 1 candles
MAFATIND added 1 candles
MAGADSUGAR added 1 candles
MAGNUM added 1 candles
MAHABANK added 1 candles
MAHAPEXLTD added 1 candles
MAHASTEEL added 1 candles
MAHEPC added 1 candles
MAHESHWARI added 1 candles
MAHLIFE added 1 candles
MAHLOG added 1 candles
MAHSCOOTER added 1 candles
MAHSEAMLES added 1 candles
MAITHANALL added 1 candles
MAJESAUT added 1 candles
MALLCOM added 1 candles
MALUPAPER added 1 candles
MAMATA added 1 candles
MANAKALUCO added 1 candles
MANAKCOAT added 1 candles
MANAKSIA added 1 candles
MANAKSTEEL added 1 candles
MANALIPETC added 1 candles
MANAPPURAM added 1 candles
MANBA added 1 candles
MANCREDIT added 1 candles
MANGALAM added 1 candles
MANGLMCEM added 1 candles
MANINDS added 1 candles
MANINFRA added 1 candles
MANKIND added 1 candles
MANOMAY added 1 candles
MANORAMA added 1 candles
MANORG added 1 candles
MANUGRAPH added 1 candles
MANYAVAR added 1 candles
MAPMYINDIA added 1 candles
MARALOVER added 1 candles
MARATHON added 1 candles
MARICO added 1 candles
MARINE added 1 candles
MARKOLINES added 1 candles
MARKSANS added 1 candles
MARSONS added 1 candles
MARUTI added 1 candles
MASFIN added 1 candles
1300/2372
MASTEK added 1 candles
MASTERTR added 1 candles
MATRIMONY added 1 candles
MAWANASUG added 1 candles
MAXESTATES added 1 candles
MAXHEALTH added 1 candles
MAXIND added 1 candles
MAYURUNIQ added 1 candles
MAZDA added 1 candles
MAZDOCK added 1 candles
MBAPL added 1 candles
MBEL added 1 candles
MBLINFRA added 1 candles
MCCHRLS-B added 1 candles
MCL added 1 candles
MCLEODRUSS added 1 candles
MCLOUD added 1 candles
MCX added 1 candles
MEDANTA added 1 candles
MEDIASSIST added 1 candles
MEDICAMEQ added 1 candles
MEDICO added 1 candles
MEDPLUS added 1 candles
MEESHO added 1 candles
MEGASTAR added 1 candles
MEIL added 1 candles
MENNPIS added 1 candles
MENONBE added 1 candles
MEP added 1 candles
MERCANTILE added 1 candles
MERCURYEV added 1 candles
METROBRAND added 1 candles
METROGLOBL added 1 candles
METROPOLIS added 1 candles
MFML added 1 candles
MFSL added 1 candles
MGEL added 1 candles
MGL added 1 candles
MHLXMIRU added 1 candles
MHRIL added 1 candles
MICEL added 1 candles
MIDHANI added 1 candles
MIDWESTLTD added 1 candles
MINDACORP added 1 candles
MINDTECK added 1 candles
MIRZAINT added 1 candles
MITCON added 1 candles
MITTAL added 1 candles
MKPL added 1 candles
MMFL added 1 candles
MMP added 1 candles
MMTC added 1 candles
MMWL added 1 candles
MOBIKWIK added 1 candles
MODINATUR added 1 candles
MODIRUBBER added 1 candles
MODIS added 1 candles
MODISONLTD added 1 candles
MODTHREAD added 1 candles
MOHITIND added 1 candles
MOIL added 1 candles
MOKSH added 1 candles
MOL added 1 candles
MOLDTECH added 1 candles
MOLDTKPAC added 1 candles
MONARCH added 1 candles
MONEYBOXX added 1 candles
MONTECARLO added 1 candles
MORARJEE added 1 candles
MOREPENLAB added 1 candles
MOSCHIP added 1 candles
MOTHERSON added 1 candles
MOTILALOFS added 1 candles
MOTISONS added 1 candles
MOTOGENFIN added 1 candles
MPHASIS added 1 candles
MPSLTD added 1 candles
MRF added 1 candles
MRPL added 1 candles
MSPL added 1 candles
MSTCLTD added 1 candles
MSUMI added 1 candles
MTARTECH added 1 candles
MTEDUCARE added 1 candles
MTNL added 1 candles
MUFIN added 1 candles
MUFTI added 1 candles
MUKANDLTD added 1 candles
MUKKA added 1 candles
MUKTAARTS added 1 candles
MUNJALAU added 1 candles
MUNJALSHOW added 1 candles
MURUDCERA added 1 candles
MUTHOOTCAP added 1 candles
MUTHOOTFIN added 1 candles
MUTHOOTMF added 1 candles
MVGJL added 1 candles
MWL added 1 candles
NACLIND added 1 candles
NAGREEKCAP added 1 candles
1400/2372
NAGREEKEXP added 1 candles
NAHARCAP added 1 candles
NAHARINDUS added 1 candles
NAHARPOLY added 1 candles
NAHARSPING added 1 candles
NAM-INDIA added 1 candles
NARMADA added 1 candles
NATCAPSUQ added 1 candles
NATCOPHARM added 1 candles
NATHBIOGEN added 1 candles
NATIONALUM added 1 candles
NATIONSTD added 1 candles
NAUKRI added 1 candles
NAVA added 1 candles
NAVINFLUOR added 1 candles
NAVKARCORP added 1 candles
NAVKARURB added 1 candles
NAVNETEDUL added 1 candles
NAZARA added 1 candles
NBCC added 1 candles
NBIFIN added 1 candles
NCC added 1 candles
NCLIND added 1 candles
NDGL added 1 candles
NDL added 1 candles
NDLVENTURE added 1 candles
NDRAUTO added 1 candles
NDTV added 1 candles
NEAGI added 1 candles
NECCLTD added 1 candles
NECLIFE added 1 candles
NELCAST added 1 candles
NELCO added 1 candles
NEOGEN added 1 candles
NEPHROPLUS added 1 candles
NESCO added 1 candles
NESTLEIND added 1 candles
NETWEB added 1 candles
NETWORK18 added 1 candles
NEULANDLAB added 1 candles
NEWGEN added 1 candles
NEXTMEDIA added 1 candles
NFL added 1 candles
NGIL added 1 candles
NGLFINE added 1 candles
NH added 1 candles
NHPC added 1 candles
NIACL added 1 candles
NIBE added 1 candles
NIBL added 1 candles
NIITLTD added 1 candles
NIITMTS added 1 candles
NILAINFRA added 1 candles
NILASPACES added 1 candles
NILE added 1 candles
NILKAMAL added 1 candles
NIMBSPROJ added 1 candles
NINSYS added 1 candles
NIPPOBATRY added 1 candles
NIRAJ added 1 candles
NIRAJISPAT added 1 candles
NIRLON added 1 candles
NITCO added 1 candles
NITINSPIN added 1 candles
NITIRAJ added 1 candles
NITTAGELA added 1 candles
NIVABUPA added 1 candles
NKIND added 1 candles
NLCINDIA added 1 candles
NMDC added 1 candles
NOCIL added 1 candles
NOIDATOLL added 1 candles
NORBTEAEXP added 1 candles
NORTHARC added 1 candles
NOVAAGRI added 1 candles
NOVARTIND added 1 candles
NPST added 1 candles
NRAIL added 1 candles
NRBBEARING added 1 candles
NRL added 1 candles
NSIL added 1 candles
NSLNISP added 1 candles
NTPC added 1 candles
NTPCGREEN added 1 candles
NUCLEUS added 1 candles
NURECA added 1 candles
NUVAMA added 1 candles
NUVOCO added 1 candles
NYKAA added 1 candles
OAL added 1 candles
OBCL added 1 candles
OBEROIRLTY added 1 candles
OCCLLTD added 1 candles
ODIGMA added 1 candles
OFSS added 1 candles
OIL added 1 candles
OILCOUNTUB added 1 candles
OLAELEC added 1 candles
OLECTRA added 1 candles
OMAXAUTO added 1 candles
1500/2372
OMAXE added 1 candles
OMFREIGHT added 1 candles
OMINFRAL added 1 candles
OMNI added 1 candles
OMPOWER added 1 candles
ONELIFECAP added 1 candles
ONEPOINT added 1 candles
ONESOURCE added 1 candles
ONGC added 1 candles
ONIDA added 1 candles
ONMOBILE added 1 candles
ONWARDTEC added 1 candles
OPTIEMUS added 1 candles
ORBTEXP added 1 candles
ORCHASP added 1 candles
ORCHPHARMA added 1 candles
ORICONENT added 1 candles
ORIENTALTL added 1 candles
ORIENTBELL added 1 candles
ORIENTCEM added 1 candles
ORIENTCER added 1 candles
ORIENTELEC added 1 candles
ORIENTHOT added 1 candles
ORIENTLTD added 1 candles
ORIENTPPR added 1 candles
ORIENTTECH added 1 candles
ORISSAMINE added 1 candles
ORKLAINDIA added 1 candles
ORTEL added 1 candles
ORTINGLOBE added 1 candles
OSIAHYPER added 1 candles
OSWALAGRO added 1 candles
OSWALGREEN added 1 candles
OSWALPUMPS added 1 candles
OSWALSEEDS added 1 candles
PACEDIGITK added 1 candles
PAGEIND added 1 candles
PAISALO added 1 candles
PAKKA added 1 candles
PALASHSECU added 1 candles
PALREDTEC added 1 candles
PANACEABIO added 1 candles
PANACHE added 1 candles
PANAMAPET added 1 candles
PANSARI added 1 candles
PAR added 1 candles
PARACABLES added 1 candles
PARADEEP added 1 candles
PARAGMILK added 1 candles
PARAS added 1 candles
PARASPETRO added 1 candles
PARKHOSPS added 1 candles
PARKHOTELS added 1 candles
PARSVNATH added 1 candles
PASHUPATI added 1 candles
PASUPTAC added 1 candles
PATANJALI added 1 candles
PATELENG added 1 candles
PATELRMART added 1 candles
PATINTLOG added 1 candles
PAUSHAKLTD added 1 candles
PAVNAIND added 1 candles
PAYTM added 1 candles
PCBL added 1 candles
PCJEWELLER added 1 candles
PDMJEPAPER added 1 candles
PDSL added 1 candles
PEARLPOLY added 1 candles
PENIND added 1 candles
PENINLAND added 1 candles
PERSISTENT added 1 candles
PETRONET added 1 candles
PFC added 1 candles
PFIZER added 1 candles
PFOCUS added 1 candles
PFS added 1 candles
PGEL added 1 candles
PGHH added 1 candles
PGHL added 1 candles
PGIL added 1 candles
PHOENIXLTD added 1 candles
PICCADIL added 1 candles
PIDILITIND added 1 candles
PIGL added 1 candles
PIIND added 1 candles
PILANIINVS added 1 candles
PILITA added 1 candles
PINELABS added 1 candles
PIONEEREMB added 1 candles
PIONRINV added 1 candles
PIRAMALFIN added 1 candles
PITTIENG added 1 candles
PIXTRANS added 1 candles
PKTEA added 1 candles
PLASTIBLEN added 1 candles
PLATIND added 1 candles
PLAZACABLE added 1 candles
PML added 1 candles
PNB added 1 candles
PNBGILTS added 1 candles
1600/2372
PNBHOUSING added 1 candles
PNC added 1 candles
PNCINFRA added 1 candles
PNGJL added 1 candles
PNGSREVA added 1 candles
POCL added 1 candles
PODDARMENT added 1 candles
POKARNA added 1 candles
POLICYBZR added 1 candles
POLYCAB added 1 candles
POLYMED added 1 candles
POLYPLEX added 1 candles
PONNIERODE added 1 candles
POONAWALLA added 1 candles
POWERGRID added 1 candles
POWERICA added 1 candles
POWERINDIA added 1 candles
POWERMECH added 1 candles
PPAP added 1 candles
PPL added 1 candles
PPLPHARMA added 1 candles
PRABHA added 1 candles
PRADPME added 1 candles
PRAENG added 1 candles
PRAJIND added 1 candles
PRAKASH added 1 candles
PRAKASHSTL added 1 candles
PRAVEG added 1 candles
PRAXIS added 1 candles
PRECAM added 1 candles
PRECOT added 1 candles
PRECWIRE added 1 candles
PREMCO added 1 candles
PREMEXPLN added 1 candles
PREMIER added 1 candles
PREMIERENE added 1 candles
PREMIERPOL added 1 candles
PRESTIGE added 1 candles
PRICOLLTD added 1 candles
PRIMESECU added 1 candles
PRIMO added 1 candles
PRINCEPIPE added 1 candles
PRITI added 1 candles
PRITIKAUTO added 1 candles
PRIVISCL added 1 candles
PROSTARM added 1 candles
PROTEAN added 1 candles
PROZONER added 1 candles
PRSMJOHNSN added 1 candles
PRUDENT added 1 candles
PRUDMOULI added 1 candles
PSB added 1 candles
PSPPROJECT added 1 candles
PTC added 1 candles
PTCIL added 1 candles
PTL added 1 candles
PUNJABCHEM added 1 candles
PURVA added 1 candles
PVP added 1 candles
PVRINOX added 1 candles
PVSL added 1 candles
PWL added 1 candles
PYRAMID added 1 candles
QMSMEDI added 1 candles
QPOWER added 1 candles
QUADFUTURE added 1 candles
QUESS added 1 candles
QUICKHEAL added 1 candles
QUINT added 1 candles
RACE added 1 candles
RACLGEAR added 1 candles
RADAAN added 1 candles
RADHIKAJWE added 1 candles
RADIANTCMS added 1 candles
RADICO added 1 candles
RADIOCITY added 1 candles
RAILTEL added 1 candles
RAIN added 1 candles
RAINBOW added 1 candles
RAJESHEXPO added 1 candles
RAJMET added 1 candles
RAJOOENG added 1 candles
RAJPALAYAM added 1 candles
RAJRATAN added 1 candles
RAJRILTD added 1 candles
RAJSREESUG added 1 candles
RAJTV added 1 candles
RALLIS added 1 candles
RAMANEWS added 1 candles
RAMAPHO added 1 candles
RAMASTEEL added 1 candles
RAMCOCEM added 1 candles
RAMCOIND added 1 candles
RAMCOSYS added 1 candles
RAMKY added 1 candles
RAMRAT added 1 candles
RANASUG added 1 candles
RANEHOLDIN added 1 candles
RATEGAIN added 1 candles
RATNAMANI added 1 candles
1700/2372
RATNAVEER added 1 candles
RAYMOND added 1 candles
RAYMONDLSL added 1 candles
RAYMONDREL added 1 candles
RBA added 1 candles
RBLBANK added 1 candles
RBZJEWEL added 1 candles
RCF added 1 candles
RCOM added 1 candles
RECLTD added 1 candles
REDINGTON added 1 candles
REDTAPE added 1 candles
REFEX added 1 candles
REGAAL added 1 candles
REGENCERAM added 1 candles
RELAXO added 1 candles
RELCHEMQ added 1 candles
RELIABLE added 1 candles
RELIANCE added 1 candles
RELIGARE added 1 candles
RELTD added 1 candles
REMSONSIND added 1 candles
RENUKA added 1 candles
REPCOHOME added 1 candles
REPL added 1 candles
REPRO added 1 candles
RESPONIND added 1 candles
RETAIL added 1 candles
RGL added 1 candles
RHETAN added 1 candles
RHFL added 1 candles
RHIM added 1 candles
RHL added 1 candles
RICOAUTO added 1 candles
RIIL added 1 candles
RISHABH added 1 candles
RITCO added 1 candles
RITES added 1 candles
RKDL added 1 candles
RKEC added 1 candles
RKFORGE added 1 candles
RKSWAMY added 1 candles
RMC added 1 candles
RMDRIP added 1 candles
RML added 1 candles
RNBDENIMS added 1 candles
ROHLTD added 1 candles
ROLEXRINGS added 1 candles
ROLLT added 1 candles
ROML added 1 candles
ROSSARI added 1 candles
ROSSELLIND added 1 candles
ROSSTECH added 1 candles
ROTO added 1 candles
ROUTE added 1 candles
RPEL added 1 candles
RPGLIFE added 1 candles
RPOWER added 1 candles
RPPINFRA added 1 candles
RPPL added 1 candles
RPSGVENT added 1 candles
RPTECH added 1 candles
RRIL added 1 candles
RRKABEL added 1 candles
RSDFIN added 1 candles
RSL added 1 candles
RSSOFTWARE added 1 candles
RSWM added 1 candles
RSYSTEMS added 1 candles
RTNINDIA added 1 candles
RTNPOWER added 1 candles
RUBFILA added 1 candles
RUBICON added 1 candles
RUBYMILLS added 1 candles
RUCHINFRA added 1 candles
RUCHIRA added 1 candles
RUDRA added 1 candles
RUPA added 1 candles
RUSHIL added 1 candles
RUSTOMJEE added 1 candles
RVHL added 1 candles
RVNL added 1 candles
RVTH added 1 candles
S&SPOWER added 1 candles
SAATVIKGL added 1 candles
SABEVENTS added 1 candles
SADBHAV added 1 candles
SADBHIN added 1 candles
SADHNANIQ added 1 candles
SAFARI added 1 candles
SAGARDEEP added 1 candles
SAGCEM added 1 candles
SAGILITY added 1 candles
SAHLIBHFI added 1 candles
SAHYADRI added 1 candles
SAIL added 1 candles
SAILIFE added 1 candles
SAIPARENT added 1 candles
SAKAR added 1 candles
SAKHTISUG added 1 candles
1800/2372
SAKSOFT added 1 candles
SAKUMA added 1 candles
SALASAR added 1 candles
SALONA added 1 candles
SALSTEEL added 1 candles
SALZERELEC added 1 candles
SAMBHAAV added 1 candles
SAMBHV added 1 candles
SAMHI added 1 candles
SAMMAANCAP added 1 candles
SAMPANN added 1 candles
SANATHAN added 1 candles
SANDESH added 1 candles
SANDHAR added 1 candles
SANDUMA added 1 candles
SANGAMIND added 1 candles
SANGHVIMOV added 1 candles
SANGINITA added 1 candles
SANOFI added 1 candles
SANOFICONR added 1 candles
SANSERA added 1 candles
SANSTAR added 1 candles
SANWARIA added 1 candles
SAPPHIRE added 1 candles
SAPPL added 1 candles
SARDAEN added 1 candles
SAREGAMA added 1 candles
SARLAPOLY added 1 candles
SARVESHWAR added 1 candles
SASKEN added 1 candles
SATIA added 1 candles
SATIN added 1 candles
SAURASHCEM added 1 candles
SBC added 1 candles
SBCL added 1 candles
SBFC added 1 candles
SBGLP added 1 candles
SBICARD added 1 candles
SBILIFE added 1 candles
SBIN added 1 candles
SCANSTL added 1 candles
SCHAEFFLER added 1 candles
SCHAND added 1 candles
SCHNEIDER added 1 candles
SCI added 1 candles
SCILAL added 1 candles
SCODATUBES added 1 candles
SCPL added 1 candles
SDBL added 1 candles
SEAMECLTD added 1 candles
SECMARK added 1 candles
SECURKLOUD added 1 candles
SEDEMAC added 1 candles
SEIL added 1 candles
SEJALLTD added 1 candles
SELMC added 1 candles
SEMAC added 1 candles
SENCO added 1 candles
SENORES added 1 candles
SEPC added 1 candles
SERVOTECH added 1 candles
SESHAPAPER added 1 candles
SETCO added 1 candles
SETL added 1 candles
SETUINFRA added 1 candles
SEYAIND added 1 candles
SFL added 1 candles
SGFIN added 1 candles
SGIL added 1 candles
SGL added 1 candles
SGMART added 1 candles
SHADOWFAX added 1 candles
SHAH added 1 candles
SHAHALLOYS added 1 candles
SHAILY added 1 candles
SHAKTIPUMP added 1 candles
SHALBY added 1 candles
SHALPAINTS added 1 candles
SHANKARA added 1 candles
SHANTI added 1 candles
SHANTIGEAR added 1 candles
SHANTIGOLD added 1 candles
SHARDACROP added 1 candles
SHARDAMOTR added 1 candles
SHARDUL added 1 candles
SHAREINDIA added 1 candles
SHBAJRG added 1 candles
SHEKHAWATI added 1 candles
SHEMAROO added 1 candles
SHILCTECH added 1 candles
SHILPAMED added 1 candles
SHINDL added 1 candles
SHIVALIK added 1 candles
SHIVAMAUTO added 1 candles
SHIVAMILLS added 1 candles
SHIVATEX added 1 candles
SHIVAUM added 1 candles
SHK added 1 candles
SHOPERSTOP added 1 candles
1900/2372
SHRADHA added 1 candles
SHREDIGCEM added 1 candles
SHREECEM added 1 candles
SHREEJISPG added 1 candles
SHREEPUSHK added 1 candles
SHREERAMA added 1 candles
SHRENIK added 1 candles
SHREYANIND added 1 candles
SHRIKRISH added 1 candles
SHRINGARMS added 1 candles
SHRIPISTON added 1 candles
SHRIRAMFIN added 1 candles
SHRIRAMPPS added 1 candles
SHYAMCENT added 1 candles
SHYAMMETL added 1 candles
SHYAMTEL added 1 candles
SICAGEN added 1 candles
SIEMENS added 1 candles
SIGACHI added 1 candles
SIGIND added 1 candles
SIGMA added 1 candles
SIGMAADV added 1 candles
SIGNATURE added 1 candles
SIGNPOST added 1 candles
SIKA added 1 candles
SIKKO added 1 candles
SIL added 1 candles
SILGO added 1 candles
SILINV added 1 candles
SILLYMONKS added 1 candles
SILVERTUC added 1 candles
SIMBHALS added 1 candles
SIMPLEXINF added 1 candles
SINCLAIR added 1 candles
SINDHUTRAD added 1 candles
SINGERIND added 1 candles
SINTERCOM added 1 candles
SIRCA added 1 candles
SIS added 1 candles
SITINET added 1 candles
SIYSIL added 1 candles
SJS added 1 candles
SJVN added 1 candles
SKFINDIA added 1 candles
SKFINDUS added 1 candles
SKIPPER added 1 candles
SKMEGGPROD added 1 candles
SKYGOLD added 1 candles
SMARTLINK added 1 candles
SMARTWORKS added 1 candles
SMCGLOBAL added 1 candles
SMLMAH added 1 candles
SMLT added 1 candles
SMSPHARMA added 1 candles
SNOWMAN added 1 candles
SOBHA added 1 candles
SOFTTECH added 1 candles
SOLARA added 1 candles
SOLARINDS added 1 candles
SOLARWORLD added 1 candles
SOLEX added 1 candles
SOMANYCERA added 1 candles
SOMATEX added 1 candles
SOMICONVEY added 1 candles
SONACOMS added 1 candles
SONAMLTD added 1 candles
SONATSOFTW added 1 candles
SOTL added 1 candles
SOUTHBANK added 1 candles
SOUTHWEST added 1 candles
SPAL added 1 candles
SPANDANA added 1 candles
SPARC added 1 candles
SPCENET added 1 candles
SPECIALITY added 1 candles
SPECTRUM added 1 candles
SPENCERS added 1 candles
SPIC added 1 candles
SPLIL added 1 candles
SPLPETRO added 1 candles
SPMLINFRA added 1 candles
SPORTKING added 1 candles
SRD added 1 candles
SREEL added 1 candles
SRF added 1 candles
SRGHFL added 1 candles
SRHHYPOLTD added 1 candles
SRM added 1 candles
SRTL added 1 candles
SSDL added 1 candles
SSWL added 1 candles
STALLION added 1 candles
STANLEY added 1 candles
STAR added 1 candles
STARCEMENT added 1 candles
STARHEALTH added 1 candles
STARPAPER added 1 candles
STARTECK added 1 candles
STCINDIA added 1 candles
2000/2372
STEELCAS added 1 candles
STEELCITY added 1 candles
STEELXIND added 1 candles
STEL added 1 candles
STERTOOLS added 1 candles
STLNETWORK added 1 candles
STLTECH added 1 candles
STOVEKRAFT added 1 candles
STUDDS added 1 candles
STYL added 1 candles
STYLAMIND added 1 candles
STYLEBAAZA added 1 candles
STYRENIX added 1 candles
SUBEXLTD added 1 candles
SUBROS added 1 candles
SUDARCOLOR added 1 candles
SUDARSCHEM added 1 candles
SUDEEPPHRM added 1 candles
SUKHJITS added 1 candles
SULA added 1 candles
SUMEET-RE added 1 candles
SUMEETINDS added 1 candles
SUMICHEM added 1 candles
SUMIT added 1 candles
SUMMITSEC added 1 candles
SUNCLAY added 1 candles
SUNDARAM added 1 candles
SUNDARMFIN added 1 candles
SUNDRMBRAK added 1 candles
SUNDRMFAST added 1 candles
SUNDROP added 1 candles
SUNFLAG added 1 candles
SUNPHARMA added 1 candles
SUNTECK added 1 candles
SUNTV added 1 candles
SUPERHOUSE added 1 candles
SUPERSPIN added 1 candles
SUPRAJIT added 1 candles
SUPREME added 1 candles
SUPREMEENG added 1 candles
SUPREMEIND added 1 candles
SUPREMEINF added 1 candles
SUPRIYA added 1 candles
SURAJEST added 1 candles
SURAJLTD added 1 candles
SURAKSHA added 1 candles
SURANASOL added 1 candles
SURANAT&P added 1 candles
SURYALA added 1 candles
SURYALAXMI added 1 candles
SURYAROSNI added 1 candles
SURYODAY added 1 candles
SUTLEJTEX added 1 candles
SUVEN added 1 candles
SUVIDHAA added 1 candles
SUYOG added 1 candles
SUZLON added 1 candles
SVLL added 1 candles
SVPGLOB added 1 candles
SWANCORP added 1 candles
SWANDEF added 1 candles
SWARAJENG added 1 candles
SWELECTES added 1 candles
SWIGGY added 1 candles
SWSOLAR added 1 candles
SYMPHONY added 1 candles
SYNCOMF added 1 candles
SYNGENE added 1 candles
SYRMA added 1 candles
SYSTMTXC added 1 candles
TAALTECH added 1 candles
TAINWALCHM added 1 candles
TAJGVK added 1 candles
TAKE added 1 candles
TALBROAUTO added 1 candles
TAMBOLIIN added 1 candles
TANLA added 1 candles
TARACHAND added 1 candles
TARAPUR added 1 candles
TARC added 1 candles
TARIL added 1 candles
TARMAT added 1 candles
TARSONS added 1 candles
TASTYBITE added 1 candles
TATACAP added 1 candles
TATACHEM added 1 candles
TATACOMM added 1 candles
TATACONSUM added 1 candles
TATAELXSI added 1 candles
TATAINVEST added 1 candles
TATAPOWER added 1 candles
TATASTEEL added 1 candles
TATATECH added 1 candles
TATVA added 1 candles
TBOTEK added 1 candles
TBZ added 1 candles
TCC added 1 candles
TCI added 1 candles
TCIEXP added 1 candles
TCIFINANCE added 1 candles
2100/2372
TCPLPACK added 1 candles
TCS added 1 candles
TDPOWERSYS added 1 candles
TEAMGTY added 1 candles
TEAMLEASE added 1 candles
TECHM added 1 candles
TECHNOE added 1 candles
TECHNVISN added 1 candles
TECILCHEM added 1 candles
TEGA added 1 candles
TEJASNET added 1 candles
TEMBO added 1 candles
TENNIND added 1 candles
TERASOFT added 1 candles
TEXINFRA added 1 candles
TEXMOPIPES added 1 candles
TEXRAIL added 1 candles
TFCILTD added 1 candles
TFL added 1 candles
TGBHOTELS added 1 candles
THACKER added 1 candles
THAKDEV added 1 candles
THANGAMAYL added 1 candles
THEINVEST added 1 candles
THEJO added 1 candles
THELEELA added 1 candles
THEMISMED added 1 candles
THERMAX added 1 candles
THOMASCOOK added 1 candles
THOMASCOTT added 1 candles
THYROCARE added 1 candles
TI added 1 candles
TICL added 1 candles
TIGERLOGS added 1 candles
TIIL added 1 candles
TIINDIA added 1 candles
TIJARIA added 1 candles
TIL added 1 candles
TIMETECHNO added 1 candles
TIMEX added 1 candles
TIMKEN added 1 candles
TINNARUBR added 1 candles
TIPSFILMS added 1 candles
TIPSMUSIC added 1 candles
TIRUMALCHM added 1 candles
TIRUPATIFL added 1 candles
TITAGARH added 1 candles
TITAN added 1 candles
TMB added 1 candles
TMCV added 1 candles
TMPV added 1 candles
TNPETRO added 1 candles
TNPL added 1 candles
TNTELE added 1 candles
TOKYOPLAST added 1 candles
TOLINS added 1 candles
TORNTPHARM added 1 candles
TORNTPOWER added 1 candles
TOTAL added 1 candles
TOUCHWOOD added 1 candles
TPHQ added 1 candles
TPLPLASTEH added 1 candles
TRACXN added 1 candles
TRANSPEK added 1 candles
TRANSRAILL added 1 candles
TRANSWORLD added 1 candles
TRAVELFOOD added 1 candles
TREEHOUSE added 1 candles
TREJHARA added 1 candles
TREL added 1 candles
TRENT added 1 candles
TRF added 1 candles
TRIDENT added 1 candles
TRIGYN added 1 candles
TRITURBINE added 1 candles
TRIVENI added 1 candles
TRU added 1 candles
TRUALT added 1 candles
TSFINV added 1 candles
TTKHLTCARE added 1 candles
TTKPRESTIG added 1 candles
TTL added 1 candles
TTML added 1 candles
TVSELECT added 1 candles
TVSHLTD added 1 candles
TVSMOTOR added 1 candles
TVSSCS added 1 candles
TVSSRICHAK added 1 candles
TVTODAY added 1 candles
TVVISION added 1 candles
UBL added 1 candles
UCAL added 1 candles
UCOBANK added 1 candles
UDS added 1 candles
UEL added 1 candles
UFBL added 1 candles
UFLEX added 1 candles
UFO added 1 candles
UGARSUGAR added 1 candles
UGROCAP added 1 candles
2200/2372
UJJIVANSFB added 1 candles
ULTRACEMCO added 1 candles
ULTRAMAR added 1 candles
UMAEXPORTS added 1 candles
UMESLTD added 1 candles
UMIYA-MRO added 1 candles
UNICHEMLAB added 1 candles
UNIDT added 1 candles
UNIECOM added 1 candles
UNIENTER added 1 candles
UNIINFO added 1 candles
UNIMECH added 1 candles
UNIONBANK added 1 candles
UNIPARTS added 1 candles
UNITDSPR added 1 candles
UNITECH added 1 candles
UNITEDPOLY added 1 candles
UNITEDTEA added 1 candles
UNIVASTU added 1 candles
UNIVCABLES added 1 candles
UNIVPHOTO added 1 candles
UNOMINDA added 1 candles
UPL added 1 candles
URAVIDEF added 1 candles
URBANCO added 1 candles
URJA added 1 candles
USHAMART added 1 candles
USK added 1 candles
UTIAMC added 1 candles
UTKARSHBNK added 1 candles
UTLSOLAR added 1 candles
UTTAMSUGAR added 1 candles
UYFINCORP added 1 candles
V2RETAIL added 1 candles
VADILALIND added 1 candles
VAIBHAVGBL added 1 candles
VAISHALI added 1 candles
VAKRANGEE added 1 candles
VALIANTLAB added 1 candles
VALIANTORG added 1 candles
VAML added 1 candles
VARDHACRLC added 1 candles
VARDMNPOLY added 1 candles
VARROC added 1 candles
VASCONEQ added 1 candles
VASWANI added 1 candles
VBL added 1 candles
VCL added 1 candles
VEDL added 1 candles
VEDPOWER added 1 candles
VEEDOL added 1 candles
VELJAN added 1 candles
VENKEYS added 1 candles
VENTIVE added 1 candles
VENUSPIPES added 1 candles
VENUSREM added 1 candles
VERANDA added 1 candles
VERTOZ added 1 candles
VESUVIUS added 1 candles
VETO added 1 candles
VGL added 1 candles
VGUARD added 1 candles
VHL added 1 candles
VHLTD added 1 candles
VIDHIING added 1 candles
VIDYAWIRES added 1 candles
VIJAYA added 1 candles
VIJIFIN added 1 candles
VIKASECO added 1 candles
VIKASLIFE added 1 candles
VIKRAMSOLR added 1 candles
VIKRAN added 1 candles
VIMTALABS added 1 candles
VINATIORGA added 1 candles
VINCOFE added 1 candles
VINDHYATEL added 1 candles
VINEETLAB added 1 candles
VINNY added 1 candles
VINYLINDIA added 1 candles
VIPCLOTHNG added 1 candles
VIPIND added 1 candles
VIPULLTD added 1 candles
VIRINCHI added 1 candles
VISACHROME added 1 candles
VISAKAIND added 1 candles
VISHNU added 1 candles
VISHWARAJ added 1 candles
VISL added 1 candles
VITAL added 1 candles
VIVIANA added 1 candles
VIVIDHA added 1 candles
VIVIMEDLAB added 1 candles
VIYASH added 1 candles
VLEGOV added 1 candles
VLSFINANCE added 1 candles
VMART added 1 candles
VMM added 1 candles
VMSTMT added 1 candles
VOGL added 1 candles
VOLTAMP added 1 candles
2300/2372
VOLTAS added 1 candles
VPRPL added 1 candles
VRAJ added 1 candles
VRLLOG added 1 candles
VSSL added 1 candles
VSTIND added 1 candles
VSTL added 1 candles
VSTTILLERS added 1 candles
VTL added 1 candles
WAAREEENER added 1 candles
WAAREEINDO added 1 candles
WAAREERTL added 1 candles
WABAG added 1 candles
WAKEFIT added 1 candles
WALCHANNAG added 1 candles
WANBURY added 1 candles
WCIL added 1 candles
WEALTH added 1 candles
WEBELSOLAR added 1 candles
WEIZMANIND added 1 candles
WEL added 1 candles
WELCORP added 1 candles
WELENT added 1 candles
WELINV added 1 candles
WELSPLSOL added 1 candles
WELSPUNLIV added 1 candles
WENDT added 1 candles
WESTLIFE added 1 candles
WEWIN added 1 candles
WEWORK added 1 candles
WHEELS added 1 candles
WHIRLPOOL added 1 candles
WILLAMAGOR added 1 candles
WINDLAS added 1 candles
WINDMACHIN added 1 candles
WINSOME added 2 candles
WIPL added 1 candles
WIPRO added 1 candles
WOCKPHARMA added 1 candles
WONDERLA added 1 candles
WORTHPERI added 1 candles
WPIL added 1 candles
WSI added 1 candles
WSTCSTPAPR added 1 candles
XCHANGING added 1 candles
XELPMOC added 1 candles
XPROINDIA added 1 candles
XTGLOBAL added 1 candles
YASHO added 1 candles
YATHARTH added 1 candles
YATRA added 1 candles
YESBANK added 1 candles
YUKEN added 1 candles
ZAGGLE added 1 candles
ZEEL added 1 candles
ZEELEARN added 1 candles
ZEEMEDIA added 1 candles
ZENITHEXPO added 2 candles
ZENITHSTL added 1 candles
ZENSARTECH added 1 candles
ZENTEC added 1 candles
ZFCVINDIA added 1 candles
ZFSTEERING added 1 candles
ZIMLAB added 1 candles
ZODIAC added 1 candles
ZODIACLOTH added 1 candles
ZOTA added 1 candles
ZSARACOM added 1 candles
ZUARI added 1 candles
ZUARIIND added 1 candles
ZYDUSLIFE added 1 candles
ZYDUSWELL added 1 candles
HISTORY SUCCESS

==================================================
FUNDAMENTALS STARTED
==================================================
Found 2372 symbols
20MICRONS fundamental saved
21STCENMGM fundamental saved
360ONE fundamental saved
3BBLACKBIO fundamental saved
3IINFOLTD fundamental saved
3MINDIA fundamental saved
3PLAND fundamental saved
5PAISA fundamental saved
63MOONS fundamental saved
A2ZINFRA fundamental saved
AAATECH fundamental saved
AADHARHFC fundamental saved
AAKASH fundamental saved
AAREYDRUGS fundamental saved
AARNAV fundamental saved
AARON fundamental saved
AARTECH fundamental saved
AARTIDRUGS fundamental saved
AARTIIND fundamental saved
AARTIPHARM fundamental saved
AARTISURF fundamental saved
AARVI fundamental saved
AAVAS fundamental saved
ABANSENT fundamental saved
ABB fundamental saved
ABBOTINDIA fundamental saved
ABCAPITAL fundamental saved
ABCOTS fundamental saved
ABDL fundamental saved
ABFRL fundamental saved
ABINFRA fundamental saved
ABLBL fundamental saved
ABMINTLLTD fundamental saved
ABMKNO fundamental saved
ABREL fundamental saved
ABSLAMC fundamental saved
ACC fundamental saved
ACCELYA fundamental saved
ACCURACY fundamental saved
ACE fundamental saved
ACEINTEG fundamental saved
ACI fundamental saved
ACL fundamental saved
ACMESOLAR fundamental saved
ACSTECH fundamental saved
ACUTAAS fundamental saved
ADANIENSOL fundamental saved
ADANIENT fundamental saved
ADANIGREEN fundamental saved
ADANIPORTS fundamental saved
50/2372 completed
ADANIPOWER fundamental saved
ADFFOODS fundamental saved
ADL fundamental saved
ADOR fundamental saved
ADROITINFO fundamental saved
ADSL fundamental saved
ADVAIT fundamental saved
ADVANCE fundamental saved
ADVANIHOTR fundamental saved
ADVENTHTL fundamental saved
ADVENZYMES fundamental saved
AEGISLOG fundamental saved
AEGISVOPAK fundamental saved
AEPL fundamental saved
AEQUS fundamental saved
AEROENTER fundamental saved
AEROFLEX fundamental saved
AERONEU fundamental saved
AETHER fundamental saved
AFCONS fundamental saved
AFFLE fundamental saved
AFFORDABLE fundamental saved
AFIL fundamental saved
AFSL fundamental saved
AGARIND fundamental saved
AGARWALEYE fundamental saved
AGI fundamental saved
AGIIL fundamental saved
AGRITECH fundamental saved
AGROPHOS fundamental saved
AHCL fundamental saved
AHLADA fundamental saved
AHLEAST fundamental saved
AHLUCONT fundamental saved
AHLWEST fundamental saved
AIAENG fundamental saved
AIIL fundamental saved
AIRAN fundamental saved
AIROLAM fundamental saved
AJANTPHARM fundamental saved
AJAXENGG fundamental saved
AJMERA fundamental saved
AJOONI fundamental saved
AKASH fundamental saved
AKCAPIT fundamental saved
AKG fundamental saved
AKI fundamental saved
AKSHAR fundamental saved
AKSHARCHEM fundamental saved
AKSHOPTFBR fundamental saved
100/2372 completed
AKUMS fundamental saved
ALANKIT fundamental saved
ALBERTDAVD fundamental saved
ALEMBICLTD fundamental saved
ALGOQUANT fundamental saved
ALICON fundamental saved
ALIVUS fundamental saved
ALKALI fundamental saved
ALKEM fundamental saved
ALKYLAMINE fundamental saved
ALLCARGO fundamental saved
ALLDIGI fundamental saved
ALLTIME fundamental saved
ALMONDZ fundamental saved
ALOKINDS fundamental saved
ALPA fundamental saved
ALPHAGEO fundamental saved
AMAGI fundamental saved
AMANTA fundamental saved
AMBALALSA fundamental saved
AMBER fundamental saved
AMBICAAGAR fundamental saved
AMBIKCO fundamental saved
AMBUJACEM fundamental saved
AMDIND fundamental saved
AMIRCHAND fundamental saved
AMJLAND fundamental saved
AMNPLST fundamental saved
AMRUTANJAN fundamental saved
ANANDRATHI fundamental saved
ANANTRAJ fundamental saved
ANDHRAPAP fundamental saved
ANDHRSUGAR fundamental saved
ANGELONE fundamental saved
ANIKINDS fundamental saved
ANKITMETAL fundamental saved
ANMOL fundamental saved
ANSALAPI fundamental saved
ANTELOPUS fundamental saved
ANTGRAPHIC fundamental saved
ANTHEM fundamental saved
ANUHPHR fundamental saved
ANUP fundamental saved
ANURAS fundamental saved
APARINDS fundamental saved
APCL fundamental saved
APCOTEXIND fundamental saved
APEX fundamental saved
APLAPOLLO fundamental saved
APLLTD fundamental saved
150/2372 completed
APOLLO fundamental saved
APOLLOHOSP fundamental saved
APOLLOPIPE fundamental saved
APOLLOTYRE fundamental saved
APOLSINHOT fundamental saved
APTECHT fundamental saved
APTUS fundamental saved
AQYLON fundamental saved
ARCHIDPLY fundamental saved
ARCHIES fundamental saved
ARE&M fundamental saved
ARENTERP fundamental saved
ARFIN fundamental saved
ARIES fundamental saved
ARIHANT fundamental saved
ARIHANTCAP fundamental saved
ARIHANTSUP fundamental saved
ARIS fundamental saved
ARKADE fundamental saved
ARMANFIN fundamental saved
AROGRANITE fundamental saved
ARROWGREEN fundamental saved
ARSHIYA fundamental saved
ARSSBL fundamental saved
ARTEMISMED fundamental saved
ARTNIRMAN fundamental saved
ARVEE fundamental saved
ARVIND fundamental saved
ARVINDFASN fundamental saved
ARVSMART fundamental saved
ASAHIINDIA fundamental saved
ASAHISONG fundamental saved
ASAL fundamental saved
ASALCBR fundamental saved
ASHAPURMIN fundamental saved
ASHIANA fundamental saved
ASHIKA fundamental saved
ASHIMASYN fundamental saved
ASHOKA fundamental saved
ASHOKAMET fundamental saved
ASHOKLEY fundamental saved
ASIANENE fundamental saved
ASIANHOTNR fundamental saved
ASIANPAINT fundamental saved
ASIANTILES fundamental saved
ASKAUTOLTD fundamental saved
ASMS fundamental saved
ASPINWALL fundamental saved
ASTAR fundamental saved
ASTEC fundamental saved
200/2372 completed
ASTERDM fundamental saved
ASTRAL fundamental saved
ASTRAMICRO fundamental saved
ASTRAZEN fundamental saved
ASTRON fundamental saved
ATALREAL fundamental saved
ATAM fundamental saved
ATGL fundamental saved
ATHERENERG fundamental saved
ATL fundamental saved
ATLANTAA fundamental saved
ATLANTAELE fundamental saved
ATLASCYCLE fundamental saved
ATUL fundamental saved
ATULAUTO fundamental saved
AUBANK fundamental saved
AURIGROW fundamental saved
AURIONPRO fundamental saved
AUROPHARMA fundamental saved
AURUM fundamental saved
AUSOMENT fundamental saved
AUTOAXLES fundamental saved
AUTOIND fundamental saved
AVADHSUGAR fundamental saved
AVALON fundamental saved
AVANTEL fundamental saved
AVANTIFEED fundamental saved
AVG fundamental saved
AVL fundamental saved
AVONMORE fundamental saved
AVROIND fundamental saved
AVTNPL fundamental saved
AWFIS fundamental saved
AWHCL fundamental saved
AWL fundamental saved
AXISBANK fundamental saved
AXISCADES fundamental saved
AXITA fundamental saved
AYE fundamental saved
AYMSYNTEX fundamental saved
AZAD fundamental saved
BAFNAPH fundamental saved
BAGFILMS fundamental saved
BAIDFIN fundamental saved
BAJAJ-AUTO fundamental saved
BAJAJCON fundamental saved
BAJAJELEC fundamental saved
BAJAJFINSV fundamental saved
BAJAJHCARE fundamental saved
BAJAJHFL fundamental saved
250/2372 completed
BAJAJHIND fundamental saved
BAJAJHLDNG fundamental saved
BAJAJINDEF fundamental saved
BAJAJST fundamental saved
BAJEL fundamental saved
BAJFINANCE fundamental saved
BALAJEE fundamental saved
BALAJITELE fundamental saved
BALAMINES fundamental saved
BALAXI fundamental saved
BALKRISHNA fundamental saved
BALKRISIND fundamental saved
BALMLAWRIE fundamental saved
BALPHARMA fundamental saved
BALRAMCHIN fundamental saved
BALUFORGE fundamental saved
BANARBEADS fundamental saved
BANARISUG fundamental saved
BANCOINDIA fundamental saved
BANDHANBNK fundamental saved
BANG fundamental saved
BANKA fundamental saved
BANKBARODA fundamental saved
BANKINDIA fundamental saved
BANSALWIRE fundamental saved
BANSWRAS fundamental saved
BASF fundamental saved
BASML fundamental saved
BATAINDIA fundamental saved
BATLIBOI fundamental saved
BAYERCROP fundamental saved
BBL fundamental saved
BBOX fundamental saved
BBTC fundamental saved
BBTCL fundamental saved
BCG fundamental saved
BCLIND fundamental saved
BCONCEPTS fundamental saved
BCPL fundamental saved
BDL fundamental saved
BEARDSELL fundamental saved
BECTORFOOD fundamental saved
BEDMUTHA fundamental saved
BEEKAY fundamental saved
BEL fundamental saved
BELLACASA fundamental saved
BELRISE fundamental saved
BEML fundamental saved
BENGALASM fundamental saved
BEPL fundamental saved
300/2372 completed
BERGEPAINT fundamental saved
BESTAGRO fundamental saved
BETA fundamental saved
BFINVEST fundamental saved
BFUTILITIE fundamental saved
BGRENERGY fundamental saved
BHAGCHEM fundamental saved
BHAGERIA fundamental saved
BHAGYANGR fundamental saved
BHANDARI fundamental saved
BHARATCOAL fundamental saved
BHARATFORG fundamental saved
BHARATGEAR fundamental saved
BHARATRAS fundamental saved
BHARATSE fundamental saved
BHARATWIRE fundamental saved
BHARTIARTL fundamental saved
BHARTIHEXA fundamental saved
BHEL fundamental saved
BI fundamental saved
BIGBLOC fundamental saved
BIKAJI fundamental saved
BIL fundamental saved
BILVYAPAR fundamental saved
BIMETAL fundamental saved
BIOCON fundamental saved
BIOFILCHEM fundamental saved
BIRLACABLE fundamental saved
BIRLACORPN fundamental saved
BIRLAMONEY fundamental saved
BIRLANU fundamental saved
BIRLAPREC fundamental saved
BLACKBUCK fundamental saved
BLACKROSE fundamental saved
BLAL fundamental saved
BLBLIMITED fundamental saved
BLIL fundamental saved
BLISSGVS fundamental saved
BLKASHYAP fundamental saved
BLS fundamental saved
BLSE fundamental saved
BLUECOAST fundamental saved
BLUEDART fundamental saved
BLUEJET fundamental saved
BLUESTARCO fundamental saved
BLUESTONE fundamental saved
BLUSPRING fundamental saved
BMWVENTLTD fundamental saved
BNAGROCHEM fundamental saved
BNALTD fundamental saved
350/2372 completed
BODALCHEM fundamental saved
BOHRAIND fundamental saved
BOMDYEING fundamental saved
BONLON fundamental saved
BORANA fundamental saved
BOROLTD fundamental saved
BORORENEW fundamental saved
BOROSCI fundamental saved
BOSCH-HCIL fundamental saved
BOSCHLTD fundamental saved
BPCL fundamental saved
BPL fundamental saved
BRIGADE fundamental saved
BRIGHOTEL fundamental saved
BRITANNIA fundamental saved
BRNL fundamental saved
BROOKS fundamental saved
BSE fundamental saved
BSHSL fundamental saved
BSL fundamental saved
BSOFT fundamental saved
BTML fundamental saved
BTTL fundamental saved
BUILDPRO fundamental saved
BUTTERFLY fundamental saved
BVCL fundamental saved
BYKE fundamental saved
CALSOFT fundamental saved
CAMLINFINE fundamental saved
CAMPUS fundamental saved
CAMS fundamental saved
CANBK fundamental saved
CANFINHOME fundamental saved
CANHLIFE fundamental saved
CANTABIL fundamental saved
CAPACITE fundamental saved
CAPILLARY fundamental saved
CAPITALSFB fundamental saved
CAPLIPOINT fundamental saved
CAPTRUST fundamental saved
CARBORUNIV fundamental saved
CARERATING fundamental saved
CARRARO fundamental saved
CARTRADE fundamental saved
CARYSIL fundamental saved
CASTROLIND fundamental saved
CCAVENUE fundamental saved
CCCL fundamental saved
CCHHL fundamental saved
CCL fundamental saved
400/2372 completed
CDSL fundamental saved
CEATLTD fundamental saved
CEIGALL fundamental saved
CEINSYS fundamental saved
CELEBRITY fundamental saved
CELLO fundamental saved
CEMPRO fundamental saved
CENTENKA fundamental saved
CENTEXT fundamental saved
CENTRALBK fundamental saved
CENTRUM fundamental saved
CENTUM fundamental saved
CENTURYPLY fundamental saved
CERA fundamental saved
CEREBRAINT fundamental saved
CESC fundamental saved
CEWATER fundamental saved
CGCL fundamental saved
CGPOWER fundamental saved
CHALET fundamental saved
CHAMBLFERT fundamental saved
CHEMBOND fundamental saved
CHEMBONDCH fundamental saved
CHEMCON fundamental saved
CHEMFAB fundamental saved
CHEMPLASTS fundamental saved
CHENNPETRO fundamental saved
CHEVIOT fundamental saved
CHOICEIN fundamental saved
CHOLAFIN fundamental saved
CHOLAHLDNG fundamental saved
CIEINDIA fundamental saved
CIFL fundamental saved
CINELINE fundamental saved
CINEVISTA fundamental saved
CIPLA fundamental saved
CLEAN fundamental saved
CLEANMAX fundamental saved
CLEDUCATE fundamental saved
CLSEL fundamental saved
CMPDI fundamental saved
CMRGREEN fundamental saved
CMSINFO fundamental saved
CNL fundamental saved
COALINDIA fundamental saved
COASTCORP fundamental saved
COCHINSHIP fundamental saved
COCKERILL fundamental saved
COFFEEDAY fundamental saved
COFORGE fundamental saved
450/2372 completed
COHANCE fundamental saved
COLPAL fundamental saved
COMFINTE fundamental saved
COMPINFO fundamental saved
COMPUSOFT fundamental saved
COMSYN fundamental saved
CONCOR fundamental saved
CONCORDBIO fundamental saved
CONFIPET fundamental saved
CONSOFINVT fundamental saved
CONTROLPR fundamental saved
CORALFINAC fundamental saved
CORDSCABLE fundamental saved
COROMANDEL fundamental saved
CORONA fundamental saved
COSMOFIRST fundamental saved
COUNCODOS fundamental saved
CPCAP fundamental saved
CPEDU fundamental saved
CPPLUS fundamental saved
CRAFTSMAN fundamental saved
CRAMC fundamental saved
CREATIVEYE fundamental saved
CREDITACC fundamental saved
CREST fundamental saved
CRISIL fundamental saved
CRIZAC fundamental saved
CROMPTON fundamental saved
CROWN fundamental saved
CSBBANK fundamental saved
CSLFINANCE fundamental saved
CTE fundamental saved
CUB fundamental saved
CUBEXTUB fundamental saved
CUMMINSIND fundamental saved
CUPID fundamental saved
CURAA fundamental saved
CYBERMEDIA fundamental saved
CYBERTECH fundamental saved
CYIENT fundamental saved
CYIENTDLM fundamental saved
DABUR fundamental saved
DAICHI fundamental saved
DALBHARAT fundamental saved
DALMIASUG fundamental saved
DAMCAPITAL fundamental saved
DAMODARIND fundamental saved
DANGEE fundamental saved
DATAMATICS fundamental saved
DATAPATTNS fundamental saved
500/2372 completed
DAVANGERE fundamental saved
DBCORP fundamental saved
DBEIL fundamental saved
DBL fundamental saved
DBOL fundamental saved
DBREALTY fundamental saved
DBSTOCKBRO fundamental saved
DCAL fundamental saved
DCBBANK fundamental saved
DCI fundamental saved
DCM fundamental saved
DCMFINSERV fundamental saved
DCMNVL fundamental saved
DCMSHRIRAM fundamental saved
DCMSIL fundamental saved
DCMSRIND fundamental saved
DCW fundamental saved
DCXINDIA fundamental saved
DDEVPLSTIK fundamental saved
DECCANCE fundamental saved
DECNGOLD fundamental saved
DEEDEV fundamental saved
DEEPAKFERT fundamental saved
DEEPAKNTR fundamental saved
DEEPINDS fundamental saved
DELHIVERY fundamental saved
DELPHIFX fundamental saved
DELTACORP fundamental saved
DELTAMAGNT fundamental saved
DEN fundamental saved
DENORA fundamental saved
DENTA fundamental saved
DEVIT fundamental saved
DEVX fundamental saved
DEVYANI fundamental saved
DGCONTENT fundamental saved
DHAMPURSUG fundamental saved
DHANBANK fundamental saved
DHANUKA fundamental saved
DHARAN fundamental saved
DHARMAJ fundamental saved
DHRUV fundamental saved
DHUNINV fundamental saved
DIACABS fundamental saved
DIAMINESQ fundamental saved
DIAMONDYD fundamental saved
DICIND fundamental saved
DIFFNKG fundamental saved
DIGIDRIVE fundamental saved
DIGISPICE fundamental saved
550/2372 completed
DIGITIDE fundamental saved
DIGJAMLMTD fundamental saved
DISAQ fundamental saved
DISHTV fundamental saved
DIVGIITTS fundamental saved
DIVISLAB fundamental saved
DIXON fundamental saved
DJML fundamental saved
DLF fundamental saved
DLINKINDIA fundamental saved
DMART fundamental saved
DMCC fundamental saved
DNAMEDIA fundamental saved
DODLA fundamental saved
DOLATALGO fundamental saved
DOLLAR fundamental saved
DOLPHIN fundamental saved
DOMS fundamental saved
DONEAR fundamental saved
DPABHUSHAN fundamental saved
DPSCLTD fundamental saved
DPWIRES fundamental saved
DRAGARWQ fundamental saved
DRCSYSTEMS fundamental saved
DREAMFOLKS fundamental saved
DREDGECORP fundamental saved
DRREDDY fundamental saved
DSFCL fundamental saved
DSSL fundamental saved
DTIL fundamental saved
DUCON fundamental saved
DVL fundamental saved
DWARKESH fundamental saved
DYCL fundamental saved
DYNAMATECH fundamental saved
DYNPRO fundamental saved
E2E fundamental saved
EASEMYTRIP fundamental saved
EASTSILK fundamental saved
EBGNG fundamental saved
ECLERX fundamental saved
ECOSMOBLTY fundamental saved
EDELWEISS fundamental saved
EFCIL fundamental saved
EICHERMOT fundamental saved
EIDPARRY fundamental saved
EIEL fundamental saved
EIFFL fundamental saved
EIHAHOTELS fundamental saved
EIHOTEL fundamental saved
600/2372 completed
EIMCOELECO fundamental saved
EKC fundamental saved
ELANTAS fundamental saved
ELCIDIN fundamental saved
ELDEHSG fundamental saved
ELECON fundamental saved
ELECTCAST fundamental saved
ELECTHERM fundamental saved
ELGIEQUIP fundamental saved
ELGIRUBCO fundamental saved
ELIN fundamental saved
ELITECON fundamental saved
ELLEN fundamental saved
ELPROINTL fundamental saved
EMAMILTD fundamental saved
EMAMIPAP fundamental saved
EMAMIREAL fundamental saved
EMBDL fundamental saved
EMCURE fundamental saved
EMIL fundamental saved
EMKAY fundamental saved
EMMBI fundamental saved
EMMVEE fundamental saved
EMPOWER fundamental saved
EMSLIMITED fundamental saved
EMUDHRA fundamental saved
ENDURANCE fundamental saved
ENERGYDEV fundamental saved
ENGINERSIN fundamental saved
ENIL fundamental saved
ENRIN fundamental saved
ENTERO fundamental saved
EPACK fundamental saved
EPACKPEB fundamental saved
EPIGRAL fundamental saved
EPL fundamental saved
EQUIPPP fundamental saved
EQUITASBNK fundamental saved
ERIS fundamental saved
ESABINDIA fundamental saved
ESAFSFB fundamental saved
ESCORTS fundamental saved
ESSARSHPNG fundamental saved
ESSENTIA fundamental saved
ESTER fundamental saved
ETERNAL fundamental saved
ETHOSLTD fundamental saved
EUREKAFORB fundamental saved
EUROBOND fundamental saved
EUROPRATIK fundamental saved
650/2372 completed
EUROTEXIND fundamental saved
EVEREADY fundamental saved
EVERESTIND fundamental saved
EXCELINDUS fundamental saved
EXCELSOFT fundamental saved
EXICOM fundamental saved
EXIDEIND fundamental saved
EXPLEOSOL fundamental saved
EXXARO fundamental saved
FABTECH fundamental saved
FACT fundamental saved
FAIRCHEMOR fundamental saved
FAZE3Q fundamental saved
FCL fundamental saved
FCSSOFT fundamental saved
FDC fundamental saved
FEDDERSHOL fundamental saved
FEDERALBNK fundamental saved
FEDFINA fundamental saved
FEL fundamental saved
FELDVR fundamental saved
FERMENTA fundamental saved
FIBERWEB fundamental saved
FIEMIND fundamental saved
FILATEX fundamental saved
FILATFASH fundamental saved
FINCABLES fundamental saved
FINEORG fundamental saved
FINKURVE fundamental saved
FINOPB fundamental saved
FINPIPE fundamental saved
FIRSTCRY fundamental saved
FISCHER fundamental saved
FIVESTAR fundamental saved
FLAIR fundamental saved
FLEXITUFF fundamental saved
FLFL fundamental saved
FLUOROCHEM fundamental saved
FMGOETZE fundamental saved
FMNL fundamental saved
FOCUS fundamental saved
FOODSIN fundamental saved
FORCEMOT fundamental saved
FORTIS fundamental saved
FOSECOIND fundamental saved
FRACTAL fundamental saved
FRONTSP fundamental saved
FSL fundamental saved
FUSION fundamental saved
GABRIEL fundamental saved
700/2372 completed
GAEL fundamental saved
GAIL fundamental saved
GALAPREC fundamental saved
GALAXYSURF fundamental saved
GALLANTT fundamental saved
GANDHAR fundamental saved
GANDHITUBE fundamental saved
GANECOS fundamental saved
GANESHBE fundamental saved
GANESHCP fundamental saved
GANESHHOU fundamental saved
GANGAFORGE fundamental saved
GANGESSECU fundamental saved
GARFIBRES fundamental saved
GARUDA fundamental saved
GATECH fundamental saved
GATECHDVR fundamental saved
GATEWAY fundamental saved
GAUDIUMIVF fundamental saved
GAYAHWS fundamental saved
GAYAPROJ fundamental saved
GCSL fundamental saved
GEECEE fundamental saved
GEEKAYWIRE fundamental saved
GEMAROMA fundamental saved
GENCON fundamental saved
GENESYS fundamental saved
GENUSPAPER fundamental saved
GENUSPOWER fundamental saved
GEOJITFSL fundamental saved
GESHIP fundamental saved
GFLLIMITED fundamental saved
GHCL fundamental saved
GHCLTEXTIL fundamental saved
GICHSGFIN fundamental saved
GICL fundamental saved
GICRE fundamental saved
GILLANDERS fundamental saved
GILLETTE fundamental saved
GINNIFILA fundamental saved
GIPCL fundamental saved
GKENERGY fundamental saved
GKSL fundamental saved
GKWLIMITED fundamental saved
GLAND fundamental saved
GLAXO fundamental saved
GLENMARK fundamental saved
GLFL fundamental saved
GLOBAL fundamental saved
GLOBALE fundamental saved
750/2372 completed
GLOBALVECT fundamental saved
GLOBE fundamental saved
GLOBECIVIL fundamental saved
GLOBUSSPR fundamental saved
GLOSTERLTD fundamental saved
GLOTTIS fundamental saved
GMBREW fundamental saved
GMDCLTD fundamental saved
GMMPFAUDLR fundamental saved
GMRAIRPORT fundamental saved
GMRP&UI fundamental saved
GNA fundamental saved
GNFC fundamental saved
GNRL fundamental saved
GOACARBON fundamental saved
GOCLCORP fundamental saved
GOCOLORS fundamental saved
GODAVARIB fundamental saved
GODFRYPHLP fundamental saved
GODIGIT fundamental saved
GODREJAGRO fundamental saved
GODREJCP fundamental saved
GODREJIND fundamental saved
GODREJPROP fundamental saved
GOKEX fundamental saved
GOKUL fundamental saved
GOKULAGRO fundamental saved
GOLDENTOBC fundamental saved
GOLDIAM fundamental saved
GOLDTECH fundamental saved
GOODLUCK fundamental saved
GOODYEAR fundamental saved
GOPAL fundamental saved
GOYALALUM fundamental saved
GPIL fundamental saved
GPPL fundamental saved
GPTHEALTH fundamental saved
GPTINFRA fundamental saved
GRADIENTE fundamental saved
GRANDOAK fundamental saved
GRANULES fundamental saved
GRAPHITE fundamental saved
GRASIM fundamental saved
GRAUWEIL fundamental saved
GRAVISSHO fundamental saved
GRAVITA fundamental saved
GREAVESCOT fundamental saved
GREENLAM fundamental saved
GREENPANEL fundamental saved
GREENPLY fundamental saved
800/2372 completed
GREENPOWER fundamental saved
GRINDWELL fundamental saved
GRINFRA fundamental saved
GRMOVER fundamental saved
GROBTEA fundamental saved
GROWW fundamental saved
GRPLTD fundamental saved
GRSE fundamental saved
GRWRHITECH fundamental saved
GSFC fundamental saved
GSLSU fundamental saved
GSPCROP fundamental saved
GSS fundamental saved
GTECJAINX fundamental saved
GTL fundamental saved
GTLINFRA fundamental saved
GTPL fundamental saved
GUFICBIO fundamental saved
GUJALKALI fundamental saved
GUJAPOLLO fundamental saved
GUJGASLTD fundamental saved
GUJRAFFIA fundamental saved
GUJTHEM fundamental saved
GULFOILLUB fundamental saved
GULFPETRO fundamental saved
GULPOLY fundamental saved
GVKPIL fundamental saved
GVPIL fundamental saved
GVPTECH fundamental saved
GVT&D fundamental saved
HAL fundamental saved
HALDER fundamental saved
HALDYNGL fundamental saved
HALEOSLABS fundamental saved
HAPPSTMNDS fundamental saved
HAPPYFORGE fundamental saved
HARDWYN fundamental saved
HARIOMPIPE fundamental saved
HARRMALAYA fundamental saved
HARSHA fundamental saved
HATHWAY fundamental saved
HATSUN fundamental saved
HAVELLS fundamental saved
HAVISHA fundamental saved
HAWKINCOOK fundamental saved
HBESD fundamental saved
HBLENGINE fundamental saved
HBSL fundamental saved
HCC fundamental saved
HCG fundamental saved
850/2372 completed
HCL-INSYS fundamental saved
HCLTECH fundamental saved
HDBFS fundamental saved
HDFCAMC fundamental saved
HDFCBANK fundamental saved
HDFCLIFE fundamental saved
HDIL fundamental saved
HEADSUP fundamental saved
HEALTHX fundamental saved
HECPROJECT fundamental saved
HEG fundamental saved
HEIDELBERG fundamental saved
HEMIPROP fundamental saved
HERANBA fundamental saved
HERITGFOOD fundamental saved
HEROMOTOCO fundamental saved
HESTERBIO fundamental saved
HEXAGON fundamental saved
HEXATRADEX fundamental saved
HEXT fundamental saved
HFCL fundamental saved
HGINFRA fundamental saved
HGM fundamental saved
HGS fundamental saved
HIKAL fundamental saved
HILINFRA fundamental saved
HILTON fundamental saved
HIMATSEIDE fundamental saved
HINDALCO fundamental saved
HINDCOMPOS fundamental saved
HINDCON fundamental saved
HINDCOPPER fundamental saved
HINDOILEXP fundamental saved
HINDPETRO fundamental saved
HINDUNILVR fundamental saved
HINDWAREAP fundamental saved
HINDZINC fundamental saved
HIRECT fundamental saved
HISARMETAL fundamental saved
HITECH fundamental saved
HITECHCORP fundamental saved
HITECHGEAR fundamental saved
HLEGLAS fundamental saved
HLVLTD fundamental saved
HMAAGRO fundamental saved
HMT fundamental saved
HMVL fundamental saved
HNDFDS fundamental saved
HOMEFIRST$KALYANI.NS: possibly delisted; no price data found  (period=5d)
 fundamental saved
HONASA fundamental saved
900/2372 completed
HONAUT fundamental saved
HONDAPOWER fundamental saved
HPAL fundamental saved
HPIL fundamental saved
HPL fundamental saved
HSCL fundamental saved
HTMEDIA fundamental saved
HUBTOWN fundamental saved
HUDCO fundamental saved
HUHTAMAKI fundamental saved
HYBRIDFIN fundamental saved
HYUNDAI fundamental saved
IBULLSLTD fundamental saved
ICDSLTD fundamental saved
ICEMAKE fundamental saved
ICICIAMC fundamental saved
ICICIBANK fundamental saved
ICICIGI fundamental saved
ICICIPRULI fundamental saved
ICIL fundamental saved
ICRA fundamental saved
IDBI fundamental saved
IDEA fundamental saved
IDEAFORGE fundamental saved
IDFCFIRSTB fundamental saved
IEX fundamental saved
IFBAGRO fundamental saved
IFBIND fundamental saved
IFCI fundamental saved
IFGLEXPOR fundamental saved
IGARASHI fundamental saved
IGCL fundamental saved
IGIL fundamental saved
IGL fundamental saved
IGPL fundamental saved
IIFL fundamental saved
IIFLCAPS fundamental saved
IITL fundamental saved
IKIO fundamental saved
IKS fundamental saved
IL&FSENGG fundamental saved
IL&FSTRANS fundamental saved
IMAGICAA fundamental saved
IMFA fundamental saved
IMPAL fundamental saved
INA fundamental saved
INCREDIBLE fundamental saved
INDBANK fundamental saved
INDGN fundamental saved
INDHOTEL fundamental saved
950/2372 completed
INDIACEM fundamental saved
INDIAGLYCO fundamental saved
INDIAMART fundamental saved
INDIANB fundamental saved
INDIANCARD fundamental saved
INDIANHUME fundamental saved
INDIASHLTR fundamental saved
INDIGO fundamental saved
INDIGOPNTS fundamental saved
INDIQUBE fundamental saved
INDNIPPON fundamental saved
INDOAMIN fundamental saved
INDOBORAX fundamental saved
INDOCO fundamental saved
INDOFARM fundamental saved
INDORAMA fundamental saved
INDOSTAR fundamental saved
INDOTECH fundamental saved
INDOTHAI fundamental saved
INDOUS fundamental saved
INDOWIND fundamental saved
INDPRUD fundamental saved
INDRAMEDCO fundamental saved
INDSWFTLAB fundamental saved
INDTERRAIN fundamental saved
INDUSINDBK fundamental saved
INDUSTOWER fundamental saved
INFOBEAN fundamental saved
INFOMEDIA fundamental saved
INFY fundamental saved
INGERRAND fundamental saved
INNOVACAP fundamental saved
INNOVANA fundamental saved
INNOVISION fundamental saved
INOXGREEN fundamental saved
INOXINDIA fundamental saved
INOXWIND fundamental saved
INSECTICID fundamental saved
INSPIRISYS fundamental saved
INTELLECT fundamental saved
INTENTECH fundamental saved
INTERARCH fundamental saved
INTLCONV fundamental saved
INVENTURE fundamental saved
INVPRECQ fundamental saved
IOB fundamental saved
IOC fundamental saved
IOLCP fundamental saved
IONEXCHANG fundamental saved
IPCALAB fundamental saved
1000/2372 completed
IPL fundamental saved
IRB fundamental saved
IRCON fundamental saved
IRCTC fundamental saved
IREDA fundamental saved
IRFC fundamental saved
IRIS fundamental saved
IRISDOREME fundamental saved
IRMENERGY fundamental saved
ISFT fundamental saved
ISGEC fundamental saved
ISHANCH fundamental saved
ITC fundamental saved
ITCHOTELS fundamental saved
ITDC fundamental saved
ITI fundamental saved
IVALUE fundamental saved
IVC fundamental saved
IVP fundamental saved
IWP fundamental saved
IXIGO fundamental saved
IZMO fundamental saved
J&KBANK fundamental saved
JAGRAN fundamental saved
JAGSNPHARM fundamental saved
JAIBALAJI fundamental saved
JAICORPLTD fundamental saved
JAINREC fundamental saved
JAIPURKURT fundamental saved
JAMNAAUTO fundamental saved
JARO fundamental saved
JASH fundamental saved
JAYAGROGN fundamental saved
JAYBARMARU fundamental saved
JAYKAY fundamental saved
JAYNECOIND fundamental saved
JAYSREETEA fundamental saved
JBCHEPHARM fundamental saved
JBMA fundamental saved
JETFREIGHT fundamental saved
JGCHEM fundamental saved
JHS fundamental saved
JINDALPHOT fundamental saved
JINDALPOLY fundamental saved
JINDALSAW fundamental saved
JINDALSTEL fundamental saved
JINDRILL fundamental saved
JINDWORLD fundamental saved
JIOFIN fundamental saved
JISLDVREQS fundamental saved
1050/2372 completed
JISLJALEQS fundamental saved
JITFINFRA fundamental saved
JKCEMENT fundamental saved
JKIL fundamental saved
JKIPL fundamental saved
JKLAKSHMI fundamental saved
JKPAPER fundamental saved
JKTYRE fundamental saved
JLHL fundamental saved
JMA fundamental saved
JMFINANCIL fundamental saved
JNKINDIA fundamental saved
JOCIL fundamental saved
JPOLYINVST fundamental saved
JPPOWER fundamental saved
JSFB fundamental saved
JSL fundamental saved
JSLL fundamental saved
JSWCEMENT fundamental saved
JSWDULUX fundamental saved
JSWENERGY fundamental saved
JSWHL fundamental saved
JSWINFRA fundamental saved
JSWSTEEL fundamental saved
JTEKTINDIA fundamental saved
JTLIND fundamental saved
JUBLCPL fundamental saved
JUBLFOOD fundamental saved
JUBLINGREA fundamental saved
JUBLPHARMA fundamental saved
JUNIPER fundamental saved
JUSTDIAL fundamental saved
JWL fundamental saved
JYOTHYLAB fundamental saved
JYOTICNC fundamental saved
JYOTISTRUC fundamental saved
KABRAEXTRU fundamental saved
KAJARIACER fundamental saved
KAKATCEM fundamental saved
KALAMANDIR fundamental saved
KALPATARU fundamental saved
KALYANI fundamental saved
KALYANIFRG fundamental saved
KALYANKJIL fundamental saved
KAMAHOLD fundamental saved
KAMATHOTEL fundamental saved
KAMDHENU fundamental saved
KAMOPAINTS fundamental saved
KANANIIND fundamental saved
KANCHI fundamental saved
1100/2372 completed
KANORICHEM fundamental saved
KANPRPLA fundamental saved
KANSAINER fundamental saved
KAPSTON fundamental saved
KARMAENG fundamental saved
KARURVYSYA fundamental saved
KAUSHALYA fundamental saved
KAVDEFENCE fundamental saved
KAYA fundamental saved
KAYNES fundamental saved
KCP fundamental saved
KCPSUGIND fundamental saved
KDDL fundamental saved
KEC fundamental saved
KECL fundamental saved
KEEPLEARN fundamental saved
KEI fundamental saved
KELLTONTEC fundamental saved
KENNAMET fundamental saved
KERNEX fundamental saved
KESORAMIND fundamental saved
KEYFINSERV fundamental saved
KFINTECH fundamental saved
KHADIM fundamental saved
KHAICHEM fundamental saved
KHAITANLTD fundamental saved
KHANDSE fundamental saved
KICL fundamental saved
KILITCH fundamental saved
KIMS fundamental saved
KINGFA fundamental saved
KIOCL fundamental saved
KIRANVYPAR fundamental saved
KIRIINDUS fundamental saved
KIRLFER fundamental saved
KIRLOSBROS fundamental saved
KIRLOSENG fundamental saved
KIRLOSIND fundamental saved
KIRLPNU fundamental saved
KISSHT fundamental saved
KITEX fundamental saved
KKCL fundamental saved
KLBRENG-B fundamental saved
KMEW fundamental saved
KMSUGAR fundamental saved
KNAGRI fundamental saved
KNRCON fundamental saved
KOHINOOR fundamental saved
KOKUYOCMLN fundamental saved
KOLTEPATIL fundamental saved
1150/2372 completed
KOPRAN fundamental saved
KOTAKBANK fundamental saved
KOTARISUG fundamental saved
KOTHARIPET fundamental saved
KOTHARIPRO fundamental saved
KOTIC fundamental saved
KOTYARK fundamental saved
KOVAI fundamental saved
KPEL fundamental saved
KPIGREEN fundamental saved
KPIL fundamental saved
KPITTECH fundamental saved
KPL fundamental saved
KPRMILL fundamental saved
KRBL fundamental saved
KREBSBIO fundamental saved
KRIDHANINF fundamental saved
KRISHANA fundamental saved
KRISHIVAL fundamental saved
KRISHNADEF fundamental saved
KRITI fundamental saved
KRITIKA fundamental saved
KRITINUT fundamental saved
KRN fundamental saved
KRONOX fundamental saved
KROSS fundamental saved
KRSNAA fundamental saved
KRYSTAL fundamental saved
KSB fundamental saved
KSCL fundamental saved
KSHINTL fundamental saved
KSHITIJPOL fundamental saved
KSL fundamental saved
KSOLVES fundamental saved
KSR fundamental saved
KTKBANK fundamental saved
KUANTUM fundamental saved
KWIL fundamental saved
LAGNAM fundamental saved
LAHOTIOV fundamental saved
LAKPRE fundamental saved
LAL fundamental saved
LALPATHLAB fundamental saved
LAMBODHARA fundamental saved
LANCORHOL fundamental saved
LANDMARK fundamental saved
LANDSMILL fundamental saved
LAOPALA fundamental saved
LASA fundamental saved
LATENTVIEW fundamental saved
1200/2372 completed
LATTEYS fundamental saved
LAURUSLABS fundamental saved
LAXMICOT fundamental saved
LAXMIDENTL fundamental saved
LAXMIINDIA fundamental saved
LCCINFOTEC fundamental saved
LEMERITE fundamental saved
LEMONTREE fundamental saved
LENSKART fundamental saved
LEXUS fundamental saved
LFIC fundamental saved
LGBBROSLTD fundamental saved
LGEINDIA fundamental saved
LGHL fundamental saved
LIBAS fundamental saved
LIBERTSHOE fundamental saved
LICHSGFIN fundamental saved
LICI fundamental saved
LIKHITHA fundamental saved
LINC fundamental saved
LINCOLN fundamental saved
LINDEINDIA fundamental saved
LLOYDSENGG fundamental saved
LLOYDSENT fundamental saved
LLOYDSME fundamental saved
LMW fundamental saved
LODHA fundamental saved
LOKESHMACH fundamental saved
LORDSCHLO fundamental saved
LOTUSDEV fundamental saved
LOTUSEYE fundamental saved
LOVABLE fundamental saved
LOYALTEX fundamental saved
LPDC fundamental saved
LT fundamental saved
LTF fundamental saved
LTFOODS fundamental saved
LTM fundamental saved
LTTS fundamental saved
LUMAXIND fundamental saved
LUMAXTECH fundamental saved
LUPIN fundamental saved
LUXIND fundamental saved
LXCHEM fundamental saved
LYKALABS fundamental saved
LYPSAGEMS fundamental saved
M&M fundamental saved
M&MFIN fundamental saved
MAANALU fundamental saved
MACPOWER fundamental saved
1250/2372 completed
MADHAV fundamental saved
MADHAVIPL fundamental saved
MADHUCON fundamental saved
MADRASFERT fundamental saved
MAFATIND fundamental saved
MAGADSUGAR fundamental saved
MAGNUM fundamental saved
MAHABANK fundamental saved
MAHAPEXLTD fundamental saved
MAHASTEEL fundamental saved
MAHEPC fundamental saved
MAHESHWARI fundamental saved
MAHLIFE fundamental saved
MAHLOG fundamental saved
MAHSCOOTER fundamental saved
MAHSEAMLES fundamental saved
MAITHANALL fundamental saved
MAJESAUT fundamental saved
MALLCOM fundamental saved
MALUPAPER fundamental saved
MAMATA fundamental saved
MANAKALUCO fundamental saved
MANAKCOAT fundamental saved
MANAKSIA fundamental saved
MANAKSTEEL fundamental saved
MANALIPETC fundamental saved
MANAPPURAM fundamental saved
MANBA fundamental saved
MANCREDIT fundamental saved
MANGALAM fundamental saved
MANGLMCEM fundamental saved
MANINDS fundamental saved
MANINFRA fundamental saved
MANKIND fundamental saved
MANOMAY fundamental saved
MANORAMA fundamental saved
MANORG fundamental saved
MANUGRAPH fundamental saved
MANYAVAR fundamental saved
MAPMYINDIA fundamental saved
MARALOVER fundamental saved
MARATHON fundamental saved
MARICO fundamental saved
MARINE fundamental saved
MARKOLINES fundamental saved
MARKSANS fundamental saved
MARSONS fundamental saved
MARUTI fundamental saved
MASFIN fundamental saved
MASKINVEST fundamental saved
1300/2372 completed
MASTEK fundamental saved
MASTERTR fundamental saved
MATRIMONY fundamental saved
MAWANASUG fundamental saved
MAXESTATES fundamental saved
MAXHEALTH fundamental saved
MAXIND fundamental saved
MAYURUNIQ fundamental saved
MAZDA fundamental saved
MAZDOCK fundamental saved
MBAPL fundamental saved
MBEL fundamental saved
MBLINFRA fundamental saved
MCCHRLS-B fundamental saved
MCL fundamental saved
MCLEODRUSS fundamental saved
MCLOUD fundamental saved
MCX fundamental saved
MEDANTA fundamental saved
MEDIASSIST fundamental saved
MEDICAMEQ fundamental saved
MEDICO fundamental saved
MEDPLUS fundamental saved
MEESHO fundamental saved
MEGASTAR fundamental saved
MEIL fundamental saved
MENNPIS fundamental saved
MENONBE fundamental saved
MEP fundamental saved
MERCANTILE fundamental saved
MERCURYEV fundamental saved
METROBRAND fundamental saved
METROGLOBL fundamental saved
METROPOLIS fundamental saved
MFML fundamental saved
MFSL fundamental saved
MGEL fundamental saved
MGL fundamental saved
MHLXMIRU fundamental saved
MHRIL fundamental saved
MICEL fundamental saved
MIDHANI fundamental saved
MIDWESTLTD fundamental saved
MINDACORP fundamental saved
MINDTECK fundamental saved
MIRZAINT fundamental saved
MITCON fundamental saved
MITTAL fundamental saved
MKPL fundamental saved
MMFL fundamental saved
1350/2372 completed
MMP fundamental saved
MMTC fundamental saved
MMWL fundamental saved
MOBIKWIK fundamental saved
MODINATUR fundamental saved
MODIRUBBER fundamental saved
MODIS fundamental saved
MODISONLTD fundamental saved
MODTHREAD fundamental saved
MOHITIND fundamental saved
MOIL fundamental saved
MOKSH fundamental saved
MOL fundamental saved
MOLDTECH fundamental saved
MOLDTKPAC fundamental saved
MONARCH fundamental saved
MONEYBOXX fundamental saved
MONTECARLO fundamental saved
MORARJEE fundamental saved
MOREPENLAB fundamental saved
MOSCHIP fundamental saved
MOTHERSON fundamental saved
MOTILALOFS fundamental saved
MOTISONS fundamental saved
MOTOGENFIN fundamental saved
MPHASIS fundamental saved
MPSLTD fundamental saved
MRF fundamental saved
MRPL fundamental saved
MSPL fundamental saved
MSTCLTD fundamental saved
MSUMI fundamental saved
MTARTECH fundamental saved
MTEDUCARE fundamental saved
MTNL fundamental saved
MUFIN fundamental saved
MUFTI fundamental saved
MUKANDLTD fundamental saved
MUKKA fundamental saved
MUKTAARTS fundamental saved
MUNJALAU fundamental saved
MUNJALSHOW fundamental saved
MURUDCERA fundamental saved
MUTHOOTCAP fundamental saved
MUTHOOTFIN fundamental saved
MUTHOOTMF fundamental saved
MVGJL fundamental saved
MWL fundamental saved
NACLIND fundamental saved
NAGREEKCAP fundamental saved
1400/2372 completed
NAGREEKEXP fundamental saved
NAHARCAP fundamental saved
NAHARINDUS fundamental saved
NAHARPOLY fundamental saved
NAHARSPING fundamental saved
NAM-INDIA fundamental saved
NARMADA fundamental saved
NATCAPSUQ fundamental saved
NATCOPHARM fundamental saved
NATHBIOGEN fundamental saved
NATIONALUM fundamental saved
NATIONSTD fundamental saved
NAUKRI fundamental saved
NAVA fundamental saved
NAVINFLUOR fundamental saved
NAVKARCORP fundamental saved
NAVKARURB fundamental saved
NAVNETEDUL fundamental saved
NAZARA fundamental saved
NBCC fundamental saved
NBIFIN fundamental saved
NCC fundamental saved
NCLIND fundamental saved
NDGL fundamental saved
NDL fundamental saved
NDLVENTURE fundamental saved
NDRAUTO fundamental saved
NDTV fundamental saved
NEAGI fundamental saved
NECCLTD fundamental saved
NECLIFE fundamental saved
NELCAST fundamental saved
NELCO fundamental saved
NEOGEN fundamental saved
NEPHROPLUS fundamental saved
NESCO fundamental saved
NESTLEIND fundamental saved
NETWEB fundamental saved
NETWORK18 fundamental saved
NEULANDLAB fundamental saved
NEWGEN fundamental saved
NEXTMEDIA fundamental saved
NFL fundamental saved
NGIL fundamental saved
NGLFINE fundamental saved
NH fundamental saved
NHPC fundamental saved
NIACL fundamental saved
NIBE fundamental saved
NIBL fundamental saved
1450/2372 completed
NIITLTD fundamental saved
NIITMTS fundamental saved
NILAINFRA fundamental saved
NILASPACES fundamental saved
NILE fundamental saved
NILKAMAL fundamental saved
NIMBSPROJ fundamental saved
NINSYS fundamental saved
NIPPOBATRY fundamental saved
NIRAJ fundamental saved
NIRAJISPAT fundamental saved
NIRLON fundamental saved
NITCO fundamental saved
NITINSPIN fundamental saved
NITIRAJ fundamental saved
NITTAGELA fundamental saved
NIVABUPA fundamental saved
NKIND fundamental saved
NLCINDIA fundamental saved
NMDC fundamental saved
NOCIL fundamental saved
NOIDATOLL fundamental saved
NORBTEAEXP fundamental saved
NORTHARC fundamental saved
NOVAAGRI fundamental saved
NOVARTIND fundamental saved
NPST fundamental saved
NRAIL fundamental saved
NRBBEARING fundamental saved
NRL fundamental saved
NSIL fundamental saved
NSLNISP fundamental saved
NTPC fundamental saved
NTPCGREEN fundamental saved
NUCLEUS fundamental saved
NURECA fundamental saved
NUVAMA fundamental saved
NUVOCO fundamental saved
NYKAA fundamental saved
OAL fundamental saved
OBCL fundamental saved
OBEROIRLTY fundamental saved
OCCLLTD fundamental saved
ODIGMA fundamental saved
OFSS fundamental saved
OIL fundamental saved
OILCOUNTUB fundamental saved
OLAELEC fundamental saved
OLECTRA fundamental saved
OMAXAUTO fundamental saved
1500/2372 completed
OMAXE fundamental saved
OMFREIGHT fundamental saved
OMINFRAL fundamental saved
OMNI fundamental saved
OMPOWER fundamental saved
ONELIFECAP fundamental saved
ONEPOINT fundamental saved
ONESOURCE fundamental saved
ONGC fundamental saved
ONIDA fundamental saved
ONMOBILE fundamental saved
ONWARDTEC fundamental saved
OPTIEMUS fundamental saved
ORBTEXP fundamental saved
ORCHASP fundamental saved
ORCHPHARMA fundamental saved
ORICONENT fundamental saved
ORIENTALTL fundamental saved
ORIENTBELL fundamental saved
ORIENTCEM fundamental saved
ORIENTCER fundamental saved
ORIENTELEC fundamental saved
ORIENTHOT fundamental saved
ORIENTLTD fundamental saved
ORIENTPPR fundamental saved
ORIENTTECH fundamental saved
ORISSAMINE fundamental saved
ORKLAINDIA fundamental saved
ORTEL fundamental saved
ORTINGLOBE fundamental saved
OSIAHYPER fundamental saved
OSWALAGRO fundamental saved
OSWALGREEN fundamental saved
OSWALPUMPS fundamental saved
OSWALSEEDS fundamental saved
PACEDIGITK fundamental saved
PAGEIND fundamental saved
PAISALO fundamental saved
PAKKA fundamental saved
PALASHSECU fundamental saved
PALREDTEC fundamental saved
PANACEABIO fundamental saved
PANACHE fundamental saved
PANAMAPET fundamental saved
PANSARI fundamental saved
PAR fundamental saved
PARACABLES fundamental saved
PARADEEP fundamental saved
PARAGMILK fundamental saved
PARAS fundamental saved
1550/2372 completed
PARASPETRO fundamental saved
PARKHOSPS fundamental saved
PARKHOTELS fundamental saved
PARSVNATH fundamental saved
PASHUPATI fundamental saved
PASUPTAC fundamental saved
PATANJALI fundamental saved
PATELENG fundamental saved
PATELRMART fundamental saved
PATINTLOG fundamental saved
PAUSHAKLTD fundamental saved
PAVNAIND fundamental saved
PAYTM fundamental saved
PCBL fundamental saved
PCJEWELLER fundamental saved
PDMJEPAPER fundamental saved
PDSL fundamental saved
PEARLPOLY fundamental saved
PENIND fundamental saved
PENINLAND fundamental saved
PERSISTENT fundamental saved
PETRONET fundamental saved
PFC fundamental saved
PFIZER fundamental saved
PFOCUS fundamental saved
PFS fundamental saved
PGEL fundamental saved
PGHH fundamental saved
PGHL fundamental saved
PGIL fundamental saved
PHOENIXLTD fundamental saved
PICCADIL fundamental saved
PIDILITIND fundamental saved
PIGL fundamental saved
PIIND fundamental saved
PILANIINVS fundamental saved
PILITA fundamental saved
PINELABS fundamental saved
PIONEEREMB fundamental saved
PIONRINV fundamental saved
PIRAMALFIN fundamental saved
PITTIENG fundamental saved
PIXTRANS fundamental saved
PKTEA fundamental saved
PLASTIBLEN fundamental saved
PLATIND fundamental saved
PLAZACABLE fundamental saved
PML fundamental saved
PNB fundamental saved
PNBGILTS fundamental saved
1600/2372 completed
PNBHOUSING fundamental saved
PNC fundamental saved
PNCINFRA fundamental saved
PNGJL fundamental saved
PNGSREVA fundamental saved
POCL fundamental saved
PODDARMENT fundamental saved
POKARNA fundamental saved
POLICYBZR fundamental saved
POLYCAB fundamental saved
POLYMED fundamental saved
POLYPLEX fundamental saved
PONNIERODE fundamental saved
POONAWALLA fundamental saved
POWERGRID fundamental saved
POWERICA fundamental saved
POWERINDIA fundamental saved
POWERMECH fundamental saved
PPAP fundamental saved
PPL fundamental saved
PPLPHARMA fundamental saved
PRABHA fundamental saved
PRADPME fundamental saved
PRAENG fundamental saved
PRAJIND fundamental saved
PRAKASH fundamental saved
PRAKASHSTL fundamental saved
PRAVEG fundamental saved
PRAXIS fundamental saved
PRECAM fundamental saved
PRECOT fundamental saved
PRECWIRE fundamental saved
PREMCO fundamental saved
PREMEXPLN fundamental saved
PREMIER fundamental saved
PREMIERENE fundamental saved
PREMIERPOL fundamental saved
PRESTIGE fundamental saved
PRICOLLTD fundamental saved
PRIMESECU fundamental saved
PRIMO fundamental saved
PRINCEPIPE fundamental saved
PRITI fundamental saved
PRITIKAUTO fundamental saved
PRIVISCL fundamental saved
PROSTARM fundamental saved
PROTEAN fundamental saved
PROZONER fundamental saved
PRSMJOHNSN fundamental saved
PRUDENT fundamental saved
1650/2372 completed
PRUDMOULI fundamental saved
PSB fundamental saved
PSPPROJECT fundamental saved
PTC fundamental saved
PTCIL fundamental saved
PTL fundamental saved
PUNJABCHEM fundamental saved
PURVA fundamental saved
PVP fundamental saved
PVRINOX fundamental saved
PVSL fundamental saved
PWL fundamental saved
PYRAMID fundamental saved
QMSMEDI fundamental saved
QPOWER fundamental saved
QUADFUTURE fundamental saved
QUESS fundamental saved
QUICKHEAL fundamental saved
QUINT fundamental saved
RACE fundamental saved
RACLGEAR fundamental saved
RADAAN fundamental saved
RADHIKAJWE fundamental saved
RADIANTCMS fundamental saved
RADICO fundamental saved
RADIOCITY fundamental saved
RAILTEL fundamental saved
RAIN fundamental saved
RAINBOW fundamental saved
RAJESHEXPO fundamental saved
RAJMET fundamental saved
RAJOOENG fundamental saved
RAJPALAYAM fundamental saved
RAJRATAN fundamental saved
RAJRILTD fundamental saved
RAJSREESUG fundamental saved
RAJTV fundamental saved
RALLIS fundamental saved
RAMANEWS fundamental saved
RAMAPHO fundamental saved
RAMASTEEL fundamental saved
RAMCOCEM fundamental saved
RAMCOIND fundamental saved
RAMCOSYS fundamental saved
RAMKY fundamental saved
RAMRAT fundamental saved
RANASUG fundamental saved
RANEHOLDIN fundamental saved
RATEGAIN fundamental saved
RATNAMANI fundamental saved
1700/2372 completed
RATNAVEER fundamental saved
RAYMOND fundamental saved
RAYMONDLSL fundamental saved
RAYMONDREL fundamental saved
RBA fundamental saved
RBLBANK fundamental saved
RBZJEWEL fundamental saved
RCF fundamental saved
RCOM fundamental saved
RECLTD fundamental saved
REDINGTON fundamental saved
REDTAPE fundamental saved
REFEX fundamental saved
REGAAL fundamental saved
REGENCERAM fundamental saved
RELAXO fundamental saved
RELCHEMQ fundamental saved
RELIABLE fundamental saved
RELIANCE fundamental saved
RELIGARE fundamental saved
RELTD fundamental saved
REMSONSIND fundamental saved
RENUKA fundamental saved
REPCOHOME fundamental saved
REPL fundamental saved
REPRO fundamental saved
RESPONIND fundamental saved
RETAIL fundamental saved
RGL fundamental saved
RHETAN fundamental saved
RHFL fundamental saved
RHIM fundamental saved
RHL fundamental saved
RICOAUTO fundamental saved
RIIL fundamental saved
RISHABH fundamental saved
RITCO fundamental saved
RITES fundamental saved
RKDL fundamental saved
RKEC fundamental saved
RKFORGE fundamental saved
RKSWAMY fundamental saved
RMC fundamental saved
RMDRIP fundamental saved
RML fundamental saved
RNBDENIMS fundamental saved
ROHLTD fundamental saved
ROLEXRINGS fundamental saved
ROLLT fundamental saved
ROML fundamental saved
1750/2372 completed
ROSSARI fundamental saved
ROSSELLIND fundamental saved
ROSSTECH fundamental saved
ROTO fundamental saved
ROUTE fundamental saved
RPEL fundamental saved
RPGLIFE fundamental saved
RPOWER fundamental saved
RPPINFRA fundamental saved
RPPL fundamental saved
RPSGVENT fundamental saved
RPTECH fundamental saved
RRIL fundamental saved
RRKABEL fundamental saved
RSDFIN fundamental saved
RSL fundamental saved
RSSOFTWARE fundamental saved
RSWM fundamental saved
RSYSTEMS fundamental saved
RTNINDIA fundamental saved
RTNPOWER fundamental saved
RUBFILA fundamental saved
RUBICON fundamental saved
RUBYMILLS fundamental saved
RUCHINFRA fundamental saved
RUCHIRA fundamental saved
RUDRA fundamental saved
RUPA fundamental saved
RUSHIL fundamental saved
RUSTOMJEE fundamental saved
RVHL fundamental saved
RVNL fundamental saved
RVTH fundamental saved
S&SPOWER fundamental saved
SAATVIKGL fundamental saved
SABEVENTS fundamental saved
SADBHAV fundamental saved
SADBHIN fundamental saved
SADHNANIQ fundamental saved
SAFARI fundamental saved
SAGARDEEP fundamental saved
SAGCEM fundamental saved
SAGILITY fundamental saved
SAHLIBHFI fundamental saved
SAHYADRI fundamental saved
SAIL fundamental saved
SAILIFE fundamental saved
SAIPARENT fundamental saved
SAKAR fundamental saved
SAKHTISUG fundamental saved
1800/2372 completed
SAKSOFT fundamental saved
SAKUMA fundamental saved
SALASAR fundamental saved
SALONA fundamental saved
SALSTEEL fundamental saved
SALZERELEC fundamental saved
SAMBHAAV fundamental saved
SAMBHV fundamental saved
SAMHI fundamental saved
SAMMAANCAP fundamental saved
SAMPANN fundamental saved
SANATHAN fundamental saved
SANDESH fundamental saved
SANDHAR fundamental saved
SANDUMA fundamental saved
SANGAMIND fundamental saved
SANGHVIMOV fundamental saved
SANGINITA fundamental saved
SANOFI fundamental saved
SANOFICONR fundamental saved
SANSERA fundamental saved
SANSTAR fundamental saved
SANWARIA fundamental saved
SAPPHIRE fundamental saved
SAPPL fundamental saved
SARDAEN fundamental saved
SAREGAMA fundamental saved
SARLAPOLY fundamental saved
SARVESHWAR fundamental saved
SASKEN fundamental saved
SATIA fundamental saved
SATIN fundamental saved
SAURASHCEM fundamental saved
SAYAJIHOTL fundamental saved
SBC fundamental saved
SBCL fundamental saved
SBFC fundamental saved
SBGLP fundamental saved
SBICARD fundamental saved
SBILIFE fundamental saved
SBIN fundamental saved
SCANSTL fundamental saved
SCHAEFFLER fundamental saved
SCHAND fundamental saved
SCHNEIDER fundamental saved
SCI fundamental saved
SCILAL fundamental saved
SCODATUBES fundamental saved
SCPL fundamental saved
SDBL fundamental saved
1850/2372 completed
SEAMECLTD fundamental saved
SECMARK fundamental saved
SECURKLOUD fundamental saved
SEDEMAC fundamental saved
SEIL fundamental saved
SEJALLTD fundamental saved
SELMC fundamental saved
SEMAC fundamental saved
SENCO fundamental saved
SENORES fundamental saved
SEPC fundamental saved
SERVOTECH fundamental saved
SESHAPAPER fundamental saved
SETCO fundamental saved
SETL fundamental saved
SETUINFRA fundamental saved
SEYAIND fundamental saved
SFL fundamental saved
SGFIN fundamental saved
SGIL fundamental saved
SGL fundamental saved
SGMART fundamental saved
SHADOWFAX fundamental saved
SHAH fundamental saved
SHAHALLOYS fundamental saved
SHAILY fundamental saved
SHAKTIPUMP fundamental saved
SHALBY fundamental saved
SHALPAINTS fundamental saved
SHANKARA fundamental saved
SHANTI fundamental saved
SHANTIGEAR fundamental saved
SHANTIGOLD fundamental saved
SHARDACROP fundamental saved
SHARDAMOTR fundamental saved
SHARDUL fundamental saved
SHAREINDIA fundamental saved
SHBAJRG fundamental saved
SHEKHAWATI fundamental saved
SHEMAROO fundamental saved
SHILCTECH fundamental saved
SHILPAMED fundamental saved
SHINDL fundamental saved
SHIVALIK fundamental saved
SHIVAMAUTO fundamental saved
SHIVAMILLS fundamental saved
SHIVATEX fundamental saved
SHIVAUM fundamental saved
SHK fundamental saved
SHOPERSTOP fundamental saved
1900/2372 completed
SHRADHA fundamental saved
SHREDIGCEM fundamental saved
SHREECEM fundamental saved
SHREEJISPG fundamental saved
SHREEPUSHK fundamental saved
SHREERAMA fundamental saved
SHRENIK fundamental saved
SHREYANIND fundamental saved
SHRIKRISH fundamental saved
SHRINGARMS fundamental saved
SHRIPISTON fundamental saved
SHRIRAMFIN fundamental saved
SHRIRAMPPS fundamental saved
SHYAMCENT fundamental saved
SHYAMMETL fundamental saved
SHYAMTEL fundamental saved
SICAGEN fundamental saved
SIEMENS fundamental saved
SIGACHI fundamental saved
SIGIND fundamental saved
SIGMA fundamental saved
SIGMAADV fundamental saved
SIGNATURE fundamental saved
SIGNPOST fundamental saved
SIKA fundamental saved
SIKKO fundamental saved
SIL fundamental saved
SILGO fundamental saved
SILINV fundamental saved
SILLYMONKS fundamental saved
SILVERTUC fundamental saved
SIMBHALS fundamental saved
SIMPLEXINF fundamental saved
SINCLAIR fundamental saved
SINDHUTRAD fundamental saved
SINGERIND fundamental saved
SINTERCOM fundamental saved
SIRCA fundamental saved
SIS fundamental saved
SITINET fundamental saved
SIYSIL fundamental saved
SJS fundamental saved
SJVN fundamental saved
SKFINDIA fundamental saved
SKFINDUS fundamental saved
SKIPPER fundamental saved
SKMEGGPROD fundamental saved
SKYGOLD fundamental saved
SMARTLINK fundamental saved
SMARTWORKS fundamental saved
1950/2372 completed
SMCGLOBAL fundamental saved
SMLMAH fundamental saved
SMLT fundamental saved
SMSPHARMA fundamental saved
SNOWMAN fundamental saved
SOBHA fundamental saved
SOFTTECH fundamental saved
SOLARA fundamental saved
SOLARINDS fundamental saved
SOLARWORLD fundamental saved
SOLEX fundamental saved
SOMANYCERA fundamental saved
SOMATEX fundamental saved
SOMICONVEY fundamental saved
SONACOMS fundamental saved
SONAL fundamental saved
SONAMLTD fundamental saved
SONATSOFTW fundamental saved
SOTL fundamental saved
SOUTHBANK fundamental saved
SOUTHWEST fundamental saved
SPAL fundamental saved
SPANDANA fundamental saved
SPARC fundamental saved
SPCENET fundamental saved
SPECIALITY fundamental saved
SPECTRUM fundamental saved
SPENCERS fundamental saved
SPIC fundamental saved
SPLIL fundamental saved
SPLPETRO fundamental saved
SPMLINFRA fundamental saved
SPORTKING fundamental saved
SRD fundamental saved
SREEL fundamental saved
SRF fundamental saved
SRGHFL fundamental saved
SRHHYPOLTD fundamental saved
SRM fundamental saved
SRTL fundamental saved
SSDL fundamental saved
SSWL fundamental saved
STALLION fundamental saved
STANLEY fundamental saved
STAR fundamental saved
STARCEMENT fundamental saved
STARHEALTH fundamental saved
STARPAPER fundamental saved
STARTECK fundamental saved
STCINDIA fundamental saved
2000/2372 completed
STEELCAS fundamental saved
STEELCITY fundamental saved
STEELXIND fundamental saved
STEL fundamental saved
STERTOOLS fundamental saved
STLNETWORK fundamental saved
STLTECH fundamental saved
STOVEKRAFT fundamental saved
STUDDS fundamental saved
STYL fundamental saved
STYLAMIND fundamental saved
STYLEBAAZA fundamental saved
STYRENIX fundamental saved
SUBEXLTD fundamental saved
SUBROS fundamental saved
SUDARCOLOR fundamental saved
SUDARSCHEM fundamental saved
SUDEEPPHRM fundamental saved
SUKHJITS fundamental saved
SULA fundamental saved
SUMEET-RE fundamental saved
SUMEETINDS fundamental saved
SUMICHEM fundamental saved
SUMIT fundamental saved
SUMMITSEC fundamental saved
SUNCLAY fundamental saved
SUNDARAM fundamental saved
SUNDARMFIN fundamental saved
SUNDRMBRAK fundamental saved
SUNDRMFAST fundamental saved
SUNDROP fundamental saved
SUNFLAG fundamental saved
SUNPHARMA fundamental saved
SUNTECK fundamental saved
SUNTV fundamental saved
SUPERHOUSE fundamental saved
SUPERSPIN fundamental saved
SUPRAJIT fundamental saved
SUPREME fundamental saved
SUPREMEENG fundamental saved
SUPREMEIND fundamental saved
SUPREMEINF fundamental saved
SUPRIYA fundamental saved
SURAJEST fundamental saved
SURAJLTD fundamental saved
SURAKSHA fundamental saved
SURANASOL fundamental saved
SURANAT&P fundamental saved
SURYALA fundamental saved
SURYALAXMI fundamental saved
2050/2372 completed
SURYAROSNI fundamental saved
SURYODAY fundamental saved
SUTLEJTEX fundamental saved
SUVEN fundamental saved
SUVIDHAA fundamental saved
SUYOG fundamental saved
SUZLON fundamental saved
SVLL fundamental saved
SVPGLOB fundamental saved
SWANCORP fundamental saved
SWANDEF fundamental saved
SWARAJENG fundamental saved
SWELECTES fundamental saved
SWIGGY fundamental saved
SWSOLAR fundamental saved
SYMPHONY fundamental saved
SYNCOMF fundamental saved
SYNGENE fundamental saved
SYRMA fundamental saved
SYSTMTXC fundamental saved
TAALTECH fundamental saved
TAINWALCHM fundamental saved
TAJGVK fundamental saved
TAKE fundamental saved
TALBROAUTO fundamental saved
TAMBOLIIN fundamental saved
TANLA fundamental saved
TARACHAND fundamental saved
TARAPUR fundamental saved
TARC fundamental saved
TARIL fundamental saved
TARMAT fundamental saved
TARSONS fundamental saved
TASTYBITE fundamental saved
TATACAP fundamental saved
TATACHEM fundamental saved
TATACOMM fundamental saved
TATACONSUM fundamental saved
TATAELXSI fundamental saved
TATAINVEST fundamental saved
TATAPOWER fundamental saved
TATASTEEL fundamental saved
TATATECH fundamental saved
TATVA fundamental saved
TBOTEK fundamental saved
TBZ fundamental saved
TCC fundamental saved
TCI fundamental saved
TCIEXP fundamental saved
TCIFINANCE fundamental saved
2100/2372 completed
TCPLPACK fundamental saved
TCS fundamental saved
TDPOWERSYS fundamental saved
TEAMGTY fundamental saved
TEAMLEASE fundamental saved
TECHM fundamental saved
TECHNOE fundamental saved
TECHNVISN fundamental saved
TECILCHEM fundamental saved
TEGA fundamental saved
TEJASNET fundamental saved
TEMBO fundamental saved
TENNIND fundamental saved
TERASOFT fundamental saved
TEXINFRA fundamental saved
TEXMOPIPES fundamental saved
TEXRAIL fundamental saved
TFCILTD fundamental saved
TFL fundamental saved
TGBHOTELS fundamental saved
THACKER fundamental saved
THAKDEV fundamental saved
THANGAMAYL fundamental saved
THEINVEST fundamental saved
THEJO fundamental saved
THELEELA fundamental saved
THEMISMED fundamental saved
THERMAX fundamental saved
THOMASCOOK fundamental saved
THOMASCOTT fundamental saved
THYROCARE fundamental saved
TI fundamental saved
TICL fundamental saved
TIGERLOGS fundamental saved
TIIL fundamental saved
TIINDIA fundamental saved
TIJARIA fundamental saved
TIL fundamental saved
TIMETECHNO fundamental saved
TIMEX fundamental saved
TIMKEN fundamental saved
TINNARUBR fundamental saved
TIPSFILMS fundamental saved
TIPSMUSIC fundamental saved
TIRUMALCHM fundamental saved
TIRUPATIFL fundamental saved
TITAGARH fundamental saved
TITAN fundamental saved
TMB fundamental saved
TMCV fundamental saved
2150/2372 completed
TMPV fundamental saved
TNPETRO fundamental saved
TNPL fundamental saved
TNTELE fundamental saved
TOKYOPLAST fundamental saved
TOLINS fundamental saved
TORNTPHARM fundamental saved
TORNTPOWER fundamental saved
TOTAL fundamental saved
TOUCHWOOD fundamental saved
TPHQ fundamental saved
TPLPLASTEH fundamental saved
TRACXN fundamental saved
TRANSPEK fundamental saved
TRANSRAILL fundamental saved
TRANSWORLD fundamental saved
TRAVELFOOD fundamental saved
TREEHOUSE fundamental saved
TREJHARA fundamental saved
TREL fundamental saved
TRENT fundamental saved
TRF fundamental saved
TRIDENT fundamental saved
TRIGYN fundamental saved
TRITURBINE fundamental saved
TRIVENI fundamental saved
TRU fundamental saved
TRUALT fundamental saved
TSFINV fundamental saved
TTKHLTCARE fundamental saved
TTKPRESTIG fundamental saved
TTL fundamental saved
TTML fundamental saved
TVSELECT fundamental saved
TVSHLTD fundamental saved
TVSMOTOR fundamental saved
TVSSCS fundamental saved
TVSSRICHAK fundamental saved
TVTODAY fundamental saved
TVVISION fundamental saved
UBL fundamental saved
UCAL fundamental saved
UCOBANK fundamental saved
UDS fundamental saved
UEL fundamental saved
UFBL fundamental saved
UFLEX fundamental saved
UFO fundamental saved
UGARSUGAR fundamental saved
UGROCAP fundamental saved
2200/2372 completed
UJJIVANSFB fundamental saved
ULTRACEMCO fundamental saved
ULTRAMAR fundamental saved
UMAEXPORTS fundamental saved
UMESLTD fundamental saved
UMIYA-MRO fundamental saved
UNICHEMLAB fundamental saved
UNIDT fundamental saved
UNIECOM fundamental saved
UNIENTER fundamental saved
UNIINFO fundamental saved
UNIMECH fundamental saved
UNIONBANK fundamental saved
UNIPARTS fundamental saved
UNITDSPR fundamental saved
UNITECH fundamental saved
UNITEDPOLY fundamental saved
UNITEDTEA fundamental saved
UNIVASTU fundamental saved
UNIVCABLES fundamental saved
UNIVPHOTO fundamental saved
UNOMINDA fundamental saved
UPL fundamental saved
URAVIDEF fundamental saved
URBANCO fundamental saved
URJA fundamental saved
USHAMART fundamental saved
USK fundamental saved
UTIAMC fundamental saved
UTKARSHBNK fundamental saved
UTLSOLAR fundamental saved
UTTAMSUGAR fundamental saved
UYFINCORP fundamental saved
V2RETAIL fundamental saved
VADILALIND fundamental saved
VAIBHAVGBL fundamental saved
VAISHALI fundamental saved
VAKRANGEE fundamental saved
VALIANTLAB fundamental saved
VALIANTORG fundamental saved
VAML fundamental saved
VARDHACRLC fundamental saved
VARDMNPOLY fundamental saved
VARROC fundamental saved
VASCONEQ fundamental saved
VASWANI fundamental saved
VBL fundamental saved
VCL fundamental saved
VEDL fundamental saved
VEDPOWER fundamental saved
2250/2372 completed
VEEDOL fundamental saved
VELJAN fundamental saved
VENKEYS fundamental saved
VENTIVE fundamental saved
VENUSPIPES fundamental saved
VENUSREM fundamental saved
VERANDA fundamental saved
VERTOZ fundamental saved
VESUVIUS fundamental saved
VETO fundamental saved
VGL fundamental saved
VGUARD fundamental saved
VHL fundamental saved
VHLTD fundamental saved
VIDHIING fundamental saved
VIDYAWIRES fundamental saved
VIJAYA fundamental saved
VIJIFIN fundamental saved
VIKASECO fundamental saved
VIKASLIFE fundamental saved
VIKRAMSOLR fundamental saved
VIKRAN fundamental saved
VIMTALABS fundamental saved
VINATIORGA fundamental saved
VINCOFE fundamental saved
VINDHYATEL fundamental saved
VINEETLAB fundamental saved
VINNY fundamental saved
VINYLINDIA fundamental saved
VIPCLOTHNG fundamental saved
VIPIND fundamental saved
VIPULLTD fundamental saved
VIRINCHI fundamental saved
VISACHROME fundamental saved
VISAKAIND fundamental saved
VISHNU fundamental saved
VISHWARAJ fundamental saved
VISL fundamental saved
VITAL fundamental saved
VIVIANA fundamental saved
VIVIDHA fundamental saved
VIVIMEDLAB fundamental saved
VIYASH fundamental saved
VLEGOV fundamental saved
VLSFINANCE fundamental saved
VMART fundamental saved
VMM fundamental saved
VMSTMT fundamental saved
VOGL fundamental saved
VOLTAMP fundamental saved
2300/2372 completed
VOLTAS fundamental saved
VPRPL fundamental saved
VRAJ fundamental saved
VRLLOG fundamental saved
VSSL fundamental saved
VSTIND fundamental saved
VSTL fundamental saved
VSTTILLERS fundamental saved
VTL fundamental saved
WAAREEENER fundamental saved
WAAREEINDO fundamental saved
WAAREERTL fundamental saved
WABAG fundamental saved
WAKEFIT fundamental saved
WALCHANNAG fundamental saved
WANBURY fundamental saved
WCIL fundamental saved
WEALTH fundamental saved
WEBELSOLAR fundamental saved
WEIZMANIND fundamental saved
WEL fundamental saved
WELCORP fundamental saved
WELENT fundamental saved
WELINV fundamental saved
WELSPLSOL fundamental saved
WELSPUNLIV fundamental saved
WENDT fundamental saved
WESTLIFE fundamental saved
WEWIN fundamental saved
WEWORK fundamental saved
WHEELS fundamental saved
WHIRLPOOL fundamental saved
WILLAMAGOR fundamental saved
WINDLAS fundamental saved
WINDMACHIN fundamental saved
WINSOME fundamental saved
WIPL fundamental saved
WIPRO fundamental saved
WOCKPHARMA fundamental saved
WONDERLA fundamental saved
WORTHPERI fundamental saved
WPIL fundamental saved
WSI fundamental saved
WSTCSTPAPR fundamental saved
XCHANGING fundamental saved
XELPMOC fundamental saved
XPROINDIA fundamental saved
XTGLOBAL fundamental saved
YASHO fundamental saved
YATHARTH fundamental saved
2350/2372 completed
YATRA fundamental saved
YESBANK fundamental saved
YUKEN fundamental saved
ZAGGLE fundamental saved
ZEEL fundamental saved
ZEELEARN fundamental saved
ZEEMEDIA fundamental saved
ZENITHEXPO fundamental saved
ZENITHSTL fundamental saved
ZENSARTECH fundamental saved
ZENTEC fundamental saved
ZFCVINDIA fundamental saved
ZFSTEERING fundamental saved
ZIMLAB fundamental saved
ZODIAC fundamental saved
ZODIACLOTH fundamental saved
ZOTA fundamental saved
ZSARACOM fundamental saved
ZUARI fundamental saved
ZUARIIND fundamental saved
ZYDUSLIFE fundamental saved
ZYDUSWELL fundamental saved
FUNDAMENTALS SUCCESS

==================================================
IPO STARTED
==================================================
TOTAL: 2372
20MICRONS 2008-10-06
21STCENMGM 2018-01-11
360ONE 2019-09-19
3BBLACKBIO 2026-04-20
3IINFOLTD 2005-04-22
3MINDIA 2002-07-01
3PLAND 2008-03-11
5PAISA 2017-11-16
63MOONS 2005-06-20
A2ZINFRA 2010-12-23
AAATECH 2020-11-12
AADHARHFC 2024-05-15
AAKASH 2018-05-15
AAREYDRUGS 2021-08-06
AARNAV 2026-02-25
AARON 2018-09-18
AARTECH 2023-07-10
AARTIDRUGS 2003-09-19
AARTIIND 2002-07-01
AARTIPHARM 2023-01-30
AARTISURF 2020-07-14
AARVI 2017-10-06
AAVAS 2018-10-08
ABANSENT 2026-04-20
ABB 2002-07-01
ABBOTINDIA 2002-08-12
ABCAPITAL 2017-09-01
ABCOTS 2022-01-25
ABDL 2024-07-02
ABFRL 2013-07-17
ABINFRA 2019-07-30
ABLBL 2025-06-24
ABMINTLLTD 2016-06-29
ABMKNO 2026-04-20
ABREL 1996-01-01
ABSLAMC 2021-10-11
ACC 2002-07-01
ACCELYA 2002-07-01
ACCURACY 2018-07-06
ACE 2006-09-26
ACEINTEG 2017-07-13
ACI 2022-11-21
ACL 2010-11-08
ACMESOLAR 2024-11-13
ACSTECH 2026-04-20
ACUTAAS 2021-09-14
ADANIENSOL 2015-07-31
ADANIENT 2002-07-01
ADANIGREEN 2018-06-18
ADANIPORTS 2007-11-27
50/2372 completed
ADANIPOWER 2009-08-20
ADFFOODS 2010-09-15
ADL 2020-10-01
ADOR 2002-07-01
ADROITINFO 2015-10-13
ADSL 2007-07-25
ADVAIT 2026-01-20
ADVANCE 2025-10-08
ADVANIHOTR 2007-06-25
ADVENTHTL 2025-11-13
ADVENZYMES 2016-08-01
AEGISLOG 2002-07-01
AEGISVOPAK 2025-06-02
AEPL 2026-03-12
AEQUS 2025-12-10
AEROENTER 2022-11-21
AEROFLEX 2023-08-31
AERONEU 2023-01-12
AETHER 2022-06-03
AFCONS 2024-11-04
AFFLE 2019-08-08
AFFORDABLE 2024-10-23
AFIL 2024-06-26
AFSL 2022-12-23
AGARIND 2014-05-26
AGARWALEYE 2025-02-04
AGI 2002-07-01
AGIIL 2024-07-15
AGRITECH 2014-01-28
AGROPHOS 2017-03-15
AHCL 2025-09-03
AHLADA 2018-10-12
AHLEAST 2010-08-11
AHLUCONT 2009-12-14
AHLWEST 2010-08-05
AIAENG 2005-12-14
AIIL 2024-04-23
AIRAN 2017-07-25
AIROLAM 2017-10-06
AJANTPHARM 2002-07-01
AJAXENGG 2025-02-17
AJMERA 2006-09-27
AJOONI 2018-01-02
AKASH 2017-03-15
AKCAPIT 2026-04-20
AKG 2018-10-10
AKI 2023-04-06
AKSHAR 2022-05-23
AKSHARCHEM 2017-03-29
AKSHOPTFBR 2002-07-01
100/2372 completed
AKUMS 2024-08-06
ALANKIT 2015-06-30
ALBERTDAVD 2016-06-14
ALEMBICLTD 2002-07-01
ALGOQUANT 2026-01-06
ALICON 2006-10-03
ALIVUS 2021-08-06
ALKALI 2008-11-06
ALKEM 2015-12-23
ALKYLAMINE 2007-11-26
ALLCARGO 2006-06-23
ALLDIGI 2005-05-09
ALLTIME 2025-08-14
ALMONDZ 2008-06-16
ALOKINDS 1996-01-02
ALPA 2007-08-06
ALPHAGEO 2007-05-11
AMAGI 2026-01-21
AMANTA 2025-09-11
AMBALALSA 2026-04-22
AMBER 2018-01-30
AMBICAAGAR 2004-06-29
AMBIKCO 2008-01-29
AMBUJACEM 2002-07-01
AMDIND 2007-03-19
AMIRCHAND 2026-04-02
AMJLAND 2002-07-01
AMNPLST 2023-11-10
AMRUTANJAN 2009-11-05
ANANDRATHI 2021-12-14
ANANTRAJ 2006-09-27
ANDHRAPAP 1996-01-01
ANDHRSUGAR 2002-07-01
ANGELONE 2020-10-05
ANIKINDS 2008-05-21
ANKITMETAL 2013-03-14
ANMOL 2021-06-04
ANSALAPI 2006-01-27
ANTELOPUS 2006-09-26
ANTGRAPHIC 2002-07-01
ANTHEM 2025-07-21
ANUHPHR 2024-12-20
ANUP 2019-03-01
ANURAS 2021-03-24
APARINDS 2004-07-12
APCL 2017-04-10
APCOTEXIND 2002-08-12
APEX 2017-09-05
APLAPOLLO 2011-12-14
APLLTD 2011-09-20
150/2372 completed
APOLLO 2018-01-22
APOLLOHOSP 2002-07-01
APOLLOPIPE 2019-11-11
APOLLOTYRE 2002-01-01
APOLSINHOT 2015-02-16
APTECHT 2002-09-27
APTUS 2021-08-24
AQYLON 2002-07-01
ARCHIDPLY 2008-07-04
ARCHIES 2002-08-12
ARE&M 2002-07-01
ARENTERP 2017-11-07
ARFIN 2025-07-22
ARIES 2008-01-11
ARIHANT 2006-12-26
ARIHANTCAP 2021-06-15
ARIHANTSUP 2017-03-29
ARIS 2025-06-25
ARKADE 2024-09-24
ARMANFIN 2016-06-14
AROGRANITE 2007-04-24
ARROWGREEN 2015-05-21
ARSHIYA 2009-12-14
ARSSBL 2025-09-30
ARTEMISMED 2020-01-24
ARTNIRMAN 2017-03-15
ARVEE 2018-02-22
ARVIND 2002-07-01
ARVINDFASN 2019-03-08
ARVSMART 2015-08-26
ASAHIINDIA 2002-07-01
ASAHISONG 2011-08-29
ASAL 2002-07-01
ASALCBR 2020-02-12
ASHAPURMIN 1996-01-05
ASHIANA 2011-06-29
ASHIKA 2026-04-20
ASHIMASYN 2002-07-01
ASHOKA 2010-10-14
ASHOKAMET 2023-06-27
ASHOKLEY 2002-07-01
ASIANENE 2021-12-09
ASIANHOTNR 2002-07-01
ASIANPAINT 2002-07-01
ASIANTILES 2007-08-23
ASKAUTOLTD 2023-11-15
ASMS 2006-01-12
ASPINWALL 2016-06-14
ASTAR 2026-04-20
ASTEC 2009-11-25
200/2372 completed
ASTERDM 2018-02-26
ASTRAL 2007-03-20
ASTRAMICRO 2004-11-01
ASTRAZEN 2002-07-01
ASTRON 2017-12-29
ATALREAL 2020-11-19
ATAM 2023-05-10
ATGL 2018-11-05
ATHERENERG 2025-05-06
ATL 2023-08-10
ATLANTAA 2006-09-25
ATLANTAELE 2025-09-29
ATLASCYCLE 2002-07-01
ATUL 2002-07-01
ATULAUTO 2013-06-26
AUBANK 2017-07-11
AURIGROW 2018-05-25
AURIONPRO 2005-10-25
AUROPHARMA 1996-01-15
AURUM 2015-08-19
AUSOMENT 2002-07-18
AUTOAXLES 2002-07-01
AUTOIND 2007-01-31
AVADHSUGAR 2017-08-02
AVALON 2023-04-18
AVANTEL 2024-07-31
AVANTIFEED 2010-01-08
AVG 2018-04-25
AVL 2024-11-06
AVONMORE 2023-01-04
AVROIND 2018-08-09
AVTNPL 2007-01-10
AWFIS 2024-05-30
AWHCL 2021-01-01
AWL 2022-02-08
AXISBANK 1998-11-27
AXISCADES 2002-07-01
AXITA 2022-06-21
AYE 2026-02-16
AYMSYNTEX 2015-08-14
AZAD 2023-12-28
BAFNAPH 2012-11-12
BAGFILMS 2003-10-17
BAIDFIN 2023-01-20
BAJAJ-AUTO 2002-07-01
BAJAJCON 2010-08-18
BAJAJELEC 2007-11-02
BAJAJFINSV 2002-08-12
BAJAJHCARE 2021-11-25
BAJAJHFL 2024-09-16
250/2372 completed
BAJAJHIND 2002-07-01
BAJAJHLDNG 2002-08-12
BAJAJINDEF 2025-02-21
BAJAJST 2026-04-21
BAJEL 2023-12-19
BAJFINANCE 2002-07-01
BALAJEE 2024-09-12
BALAJITELE 2002-07-01
BALAMINES 2007-04-05
BALAXI 2015-12-01
BALKRISHNA 2015-07-28
BALKRISIND 2006-01-27
BALMLAWRIE 2002-07-01
BALPHARMA 2006-05-08
BALRAMCHIN 2002-07-01
BALUFORGE 2024-04-29
BANARBEADS 2011-12-29
BANARISUG 2002-07-01
BANCOINDIA 2006-12-22
BANDHANBNK 2018-03-27
BANG 2008-02-20
BANKA 2018-02-27
BANKBARODA 2002-07-01
BANKINDIA 2002-07-01
BANSALWIRE 2024-07-10
BANSWRAS 2007-04-11
BASF 2002-07-01
BASML 2005-11-14
BATAINDIA 2002-07-01
BATLIBOI 2026-04-15
BAYERCROP 2010-01-08
BBL 2006-11-21
BBOX 2002-07-01
BBTC 2002-07-01
BBTCL 2018-10-31
BCG 2015-05-08
BCLIND 2021-03-04
BCONCEPTS 2018-01-12
BCPL 2026-03-27
BDL 2018-03-23
BEARDSELL 2010-01-08
BECTORFOOD 2020-12-24
BEDMUTHA 2010-10-14
BEEKAY 2026-04-20
BEL 2002-07-01
BELLACASA 2025-07-18
BELRISE 2025-05-28
BEML 2002-07-01
BENGALASM 2026-04-20
BEPL 2005-03-21
300/2372 completed
BERGEPAINT 2002-07-01
BESTAGRO 2021-02-22
BETA 2017-10-13
BFINVEST 2011-01-14
BFUTILITIE 2007-05-03
BGRENERGY 2008-01-03
BHAGCHEM 2021-10-18
BHAGERIA 2016-03-02
BHAGYANGR 2002-07-02
BHANDARI 2017-01-30
BHARATCOAL 2026-01-19
BHARATFORG 1996-01-01
BHARATGEAR 2002-07-01
BHARATRAS 2002-07-01
BHARATSE 2025-03-25
BHARATWIRE 2016-04-01
BHARTIARTL 2002-07-01
BHARTIHEXA 2024-04-12
BHEL 1996-01-01
BI 2026-04-20
BIGBLOC 2016-09-02
BIKAJI 2022-11-16
BIL 2002-07-01
BILVYAPAR 2002-08-12
BIMETAL 2026-04-15
BIOCON 2004-04-07
BIOFILCHEM 2017-07-27
BIRLACABLE 2002-07-01
BIRLACORPN 2002-07-01
BIRLAMONEY 2008-02-07
BIRLANU 1996-01-01
BIRLAPREC 2026-04-20
BLACKBUCK 2024-11-22
BLACKROSE 2026-04-20
BLAL 2023-04-19
BLBLIMITED 2002-08-12
BLIL 2026-04-20
BLISSGVS 2010-07-26
BLKASHYAP 2006-03-17
BLS 2016-06-15
BLSE 2024-02-06
BLUECOAST 2000-02-16
BLUEDART 2002-07-01
BLUEJET 2023-11-01
BLUESTARCO 2002-07-01
BLUESTONE 2025-08-19
BLUSPRING 2025-06-11
BMWVENTLTD 2025-10-01
BNAGROCHEM 2026-04-20
BNALTD 2026-04-20
350/2372 completed
BODALCHEM 2011-08-22
BOHRAIND 2017-07-24
BOMDYEING 1996-01-01
BONLON 2026-02-23
BORANA 2025-05-27
BOROLTD 2020-07-22
BORORENEW 2018-05-25
BOROSCI 2024-06-07
BOSCH-HCIL 1999-01-01
BOSCHLTD 2002-07-01
BPCL 1996-01-02
BPL 2002-07-01
BRIGADE 2007-12-31
BRIGHOTEL 2025-07-31
BRITANNIA 1996-01-02
BRNL 2017-09-18
BROOKS 2011-09-05
BSE 2017-02-03
BSHSL 2018-05-10
BSL 2002-07-01
BSOFT 2002-07-01
BTML 2020-11-12
BTTL 2026-04-22
BUILDPRO 2026-01-09
BUTTERFLY 2014-04-28
BVCL 2007-11-23
BYKE 2011-12-30
CALSOFT 2002-07-01
CAMLINFINE 2015-01-20
CAMPUS 2022-05-09
CAMS 2020-10-05
CANBK 2002-12-23
CANFINHOME 2002-07-01
CANHLIFE 2025-10-17
CANTABIL 2010-10-12
CAPACITE 2017-09-25
CAPILLARY 2025-11-21
CAPITALSFB 2024-02-14
CAPLIPOINT 2014-06-23
CAPTRUST 2017-01-16
CARBORUNIV 2002-07-01
CARERATING 2012-12-26
CARRARO 2024-12-30
CARTRADE 2021-08-20
CARYSIL 2021-01-14
CASTROLIND 2002-08-12
CCAVENUE 2016-04-04
CCCL 2007-10-15
CCHHL 2015-02-03
CCL 2004-06-07
400/2372 completed
CDSL 2017-06-30
CEATLTD 2008-02-01
CEIGALL 2024-08-08
CEINSYS 2026-02-19
CELEBRITY 2006-01-12
CELLO 2023-11-06
CEMPRO 2002-07-01
CENTENKA 1999-01-01
CENTEXT 2002-07-01
CENTRALBK 2007-08-21
CENTRUM 2018-04-04
CENTUM 2003-09-12
CENTURYPLY 2006-03-23
CERA 2007-11-02
CEREBRAINT 2013-06-26
CESC 2002-07-01
CEWATER 2024-12-27
CGCL 2010-10-29
CGPOWER 2002-07-01
CHALET 2019-02-07
CHAMBLFERT 2002-07-01
CHEMBOND 2019-11-20
CHEMBONDCH 2025-07-23
CHEMCON 2020-10-01
CHEMFAB 2018-04-25
CHEMPLASTS 2021-08-24
CHENNPETRO 2002-07-01
CHEVIOT 2022-06-20
CHOICEIN 2022-04-08
CHOLAFIN 2002-07-01
CHOLAHLDNG 2002-07-01
CIEINDIA 2007-08-30
CIFL 2025-04-17
CINELINE 2007-02-14
CINEVISTA 2002-07-01
CIPLA 1996-01-01
CLEAN 2021-07-19
CLEANMAX 2026-03-02
CLEDUCATE 2017-04-03
CLSEL 2021-05-12
CMPDI 2026-03-30
CMRGREEN 2026-06-10
CMSINFO 2021-12-31
CNL 2017-07-27
COALINDIA 2010-11-04
COASTCORP 2021-10-08
COCHINSHIP 2017-08-11
COCKERILL 2026-04-22
COFFEEDAY 2015-11-02
COFORGE 2004-08-30
450/2372 completed
COHANCE 2020-03-09
COLPAL 2002-07-01
COMFINTE 2026-04-20
COMPINFO 2010-10-01
COMPUSOFT 2012-03-02
COMSYN 2024-01-23
CONCOR 2002-07-01
CONCORDBIO 2023-08-18
CONFIPET 2020-10-23
CONSOFINVT 2002-07-01
CONTROLPR 2016-06-24
CORALFINAC 2017-03-29
CORDSCABLE 2008-02-13
COROMANDEL 2002-08-12
CORONA 2025-12-15
COSMOFIRST 1999-01-01
COUNCODOS 2002-07-01
CPCAP 2010-10-06
CPEDU 2025-09-05
CPPLUS 2025-08-05
CRAFTSMAN 2021-03-25
CRAMC 2025-10-16
CREATIVEYE 2002-07-01
CREDITACC 2018-08-23
CREST 2006-12-27
CRISIL 2002-07-01
CRIZAC 2025-07-09
CROMPTON 2016-05-13
CROWN 2017-03-16
CSBBANK 2019-12-04
CSLFINANCE 2022-07-21
CTE 2007-02-07
CUB 2002-07-01
CUBEXTUB 2008-01-25
CUMMINSIND 2002-07-01
CUPID 2016-09-16
CURAA 2002-07-01
CYBERMEDIA 2005-06-10
CYBERTECH 2002-07-01
CYIENT 2006-07-28
CYIENTDLM 2023-07-10
DABUR 2002-07-01
DAICHI 2026-04-21
DALBHARAT 2018-12-21
DALMIASUG 2002-07-01
DAMCAPITAL 2024-12-27
DAMODARIND 2016-07-04
DANGEE 2018-09-18
DATAMATICS 2004-05-07
DATAPATTNS 2021-12-24
500/2372 completed
DAVANGERE 2024-01-25
DBCORP 2010-01-06
DBEIL 2024-10-28
DBL 2016-08-11
DBOL 2022-09-08
DBREALTY 2010-02-24
DBSTOCKBRO 2012-02-29
DCAL 2004-04-22
DCBBANK 2006-10-27
DCI 2020-01-10
DCM 2002-07-01
DCMFINSERV 2002-08-12
DCMNVL 2019-07-16
DCMSHRIRAM 2002-07-01
DCMSIL 2026-02-17
DCMSRIND 2021-12-24
DCW 2002-07-01
DCXINDIA 2022-11-11
DDEVPLSTIK 2025-01-15
DECCANCE 2002-08-12
DECNGOLD 2026-04-20
DEEDEV 2024-06-26
DEEPAKFERT 1996-01-01
DEEPAKNTR 2010-09-29
DEEPINDS 2021-04-27
DELHIVERY 2022-05-24
DELPHIFX 2011-06-28
DELTACORP 2007-11-02
DELTAMAGNT 2002-07-01
DEN 2009-11-24
DENORA 2002-07-01
DENTA 2025-01-29
DEVIT 2017-07-27
DEVX 2025-09-17
DEVYANI 2021-08-16
DGCONTENT 2019-06-18
DHAMPURSUG 2002-07-01
DHANBANK 2004-04-01
DHANUKA 2011-06-29
DHARAN 2018-04-02
DHARMAJ 2022-12-08
DHRUV 2021-11-25
DHUNINV 2011-03-18
DIACABS 2010-09-29
DIAMINESQ 2023-09-25
DIAMONDYD 2017-10-05
DICIND 2002-07-01
DIFFNKG 2024-10-04
DIGIDRIVE 2024-01-10
DIGISPICE 2008-05-27
550/2372 completed
DIGITIDE 2025-06-11
DIGJAMLMTD 2002-07-01
DISAQ 2026-04-21
DISHTV 2007-04-18
DIVGIITTS 2023-03-14
DIVISLAB 2003-03-12
DIXON 2017-09-18
DJML 2022-12-05
DLF 2007-07-05
DLINKINDIA 2009-12-18
DMART 2017-03-21
DMCC 2021-12-01
DNAMEDIA 2017-12-11
DODLA 2021-06-28
DOLATALGO 2019-08-19
DOLLAR 2017-04-21
DOLPHIN 2006-10-06
DOMS 2023-12-20
DONEAR 2006-12-20
DPABHUSHAN 2017-10-23
DPSCLTD 2008-04-21
DPWIRES 2017-10-06
DRAGARWQ 2026-04-20
DRCSYSTEMS 2021-03-10
DREAMFOLKS 2022-09-06
DREDGECORP 2004-01-15
DRREDDY 1996-01-01
DSFCL 2026-02-17
DSSL 2008-01-01
DTIL 2015-01-20
DUCON 2012-10-09
DVL 2008-01-11
DWARKESH 2004-12-31
DYCL 2022-07-27
DYNAMATECH 2006-09-14
DYNPRO 2017-07-19
E2E 2018-05-29
EASEMYTRIP 2021-03-19
EASTSILK 2002-07-01
EBGNG 2025-07-30
ECLERX 2007-12-31
ECOSMOBLTY 2024-09-04
EDELWEISS 2007-12-12
EFCIL 2025-08-20
EICHERMOT 1996-01-01
EIDPARRY 2002-07-01
EIEL 2024-11-29
EIFFL 2017-03-31
EIHAHOTELS 2008-04-08
EIHOTEL 1996-01-01
600/2372 completed
EIMCOELECO 2002-07-01
EKC 2005-12-15
ELANTAS 2026-04-22
ELCIDIN 2026-04-20
ELDEHSG 2022-04-12
ELECON 2006-09-29
ELECTCAST 2002-07-01
ELECTHERM 2007-08-20
ELGIEQUIP 2002-07-01
ELGIRUBCO 2008-01-01
ELIN 2022-12-30
ELITECON 2026-04-20
ELLEN 2025-07-01
ELPROINTL 2026-04-22
EMAMILTD 2006-08-03
EMAMIPAP 2024-10-17
EMAMIREAL 2002-08-12
EMBDL 2004-09-24
EMCURE 2024-07-10
EMIL 2022-10-17
EMKAY 2006-04-28
EMMBI 2010-02-24
EMMVEE 2025-11-18
EMPOWER 2026-04-20
EMSLIMITED 2023-09-21
EMUDHRA 2022-06-01
ENDURANCE 2016-10-19
ENERGYDEV 2007-11-02
ENGINERSIN 1997-09-16
ENIL 2006-02-16
ENRIN 2025-06-19
ENTERO 2024-02-16
EPACK 2024-01-30
EPACKPEB 2025-10-06
EPIGRAL 2021-08-18
EPL 2002-07-01
EQUIPPP 2007-04-03
EQUITASBNK 2020-11-02
ERIS 2017-06-30
ESABINDIA 2002-07-01
ESAFSFB 2023-11-10
ESCORTS 1996-01-01
ESSARSHPNG 2011-11-15
ESSENTIA 2013-08-20
ESTER 2011-06-20
ETERNAL 2021-07-23
ETHOSLTD 2022-05-30
EUREKAFORB 2024-09-11
EUROBOND 2022-01-07
EUROPRATIK 2025-09-23
650/2372 completed
EUROTEXIND 2002-08-12
EVEREADY 2002-07-01
EVERESTIND 2002-07-01
EXCELINDUS 2002-07-01
EXCELSOFT 2025-11-26
EXICOM 2024-03-05
EXIDEIND 2002-07-01
EXPLEOSOL 2009-10-26
EXXARO 2021-08-16
FABTECH 2025-10-07
FACT 2002-07-01
FAIRCHEMOR 2020-12-24
FAZE3Q 2022-11-18
FCL 2015-01-15
FCSSOFT 2005-09-21
FDC 2002-07-01
FEDDERSHOL 2026-04-21
FEDERALBNK 1996-01-01
FEDFINA 2023-11-30
FEL 2002-07-01
FELDVR 2006-12-12
FERMENTA 2026-04-20
FIBERWEB 2022-02-16
FIEMIND 2006-10-19
FILATEX 2011-08-29
FILATFASH 2024-05-06
FINCABLES 2002-07-01
FINEORG 2018-07-02
FINKURVE 2025-10-06
FINOPB 2021-11-12
FINPIPE 2002-07-01
FIRSTCRY 2024-08-13
FISCHER 2025-07-10
FIVESTAR 2022-11-21
FLAIR 2023-12-01
FLEXITUFF 2011-10-19
FLFL 2013-10-01
FLUOROCHEM 2019-10-16
FMGOETZE 2002-07-01
FMNL 2010-12-31
FOCUS 2017-07-27
FOODSIN 2021-11-16
FORCEMOT 2019-08-19
FORTIS 2007-05-09
FOSECOIND 2002-07-01
FRACTAL 2026-02-16
FRONTSP 2026-04-20
FSL 2007-02-22
FUSION 2022-11-15
GABRIEL 2005-04-20
700/2372 completed
GAEL 2002-07-01
GAIL 1997-04-02
GALAPREC 2024-09-09
GALAXYSURF 2018-02-08
GALLANTT 2006-04-04
GANDHAR 2023-11-30
GANDHITUBE 2007-01-31
GANECOS 2015-03-09
GANESHBE 2021-09-16
GANESHCP 2025-09-29
GANESHHOU 2007-03-02
GANGAFORGE 2018-07-25
GANGESSECU 2017-07-31
GARFIBRES 2002-08-12
GARUDA 2024-10-15
GATECH 2016-07-25
GATECHDVR 2017-10-10
GATEWAY 2022-03-22
GAUDIUMIVF 2026-02-27
GAYAHWS 2018-06-28
GAYAPROJ 2011-08-22
GCSL 2025-09-04
GEECEE 2006-10-04
GEEKAYWIRE 2017-08-24
GEMAROMA 2025-08-26
GENCON 2021-02-16
GENESYS 2003-01-23
GENUSPAPER 2015-02-16
GENUSPOWER 2005-07-08
GEOJITFSL 2005-07-01
GESHIP 2002-07-01
GFLLIMITED 2002-07-01
GHCL 1996-01-01
GHCLTEXTIL 2023-06-12
GICHSGFIN 1999-01-01
GICL 2017-03-15
GICRE 2017-10-25
GILLANDERS 2009-12-14
GILLETTE 2002-07-01
GINNIFILA 2002-07-01
GIPCL 2002-07-01
GKENERGY 2025-09-26
GKSL 2025-12-30
GKWLIMITED 2002-07-01
GLAND 2020-11-20
GLAXO 2002-07-01
GLENMARK 2002-07-01
GLFL 2002-07-01
GLOBAL 2017-03-15
GLOBALE 2024-08-27
750/2372 completed
GLOBALVECT 2006-10-27
GLOBE 2018-07-13
GLOBECIVIL 2025-07-01
GLOBUSSPR 2009-09-23
GLOSTERLTD 2024-04-26
GLOTTIS 2025-10-07
GMBREW 2002-07-01
GMDCLTD 2002-07-01
GMMPFAUDLR 2018-03-05
GMRAIRPORT 2006-08-21
GMRP&UI 2022-03-23
GNA 2016-09-26
GNFC 2002-07-01
GNRL 2026-04-20
GOACARBON 2007-06-05
GOCLCORP 2007-11-08
GOCOLORS 2021-11-30
GODAVARIB 2024-10-30
GODFRYPHLP 1999-01-04
GODIGIT 2024-05-23
GODREJAGRO 2017-10-16
GODREJCP 2002-07-01
GODREJIND 2002-07-01
GODREJPROP 2010-01-05
GOKEX 2005-04-27
GOKUL 2008-06-04
GOKULAGRO 2016-03-14
GOLDENTOBC 2002-07-01
GOLDIAM 2005-08-29
GOLDTECH 2002-07-01
GOODLUCK 2016-09-07
GOODYEAR 1999-01-01
GOPAL 2024-03-14
GOYALALUM 2022-11-04
GPIL 2006-04-25
GPPL 2010-09-09
GPTHEALTH 2024-02-29
GPTINFRA 2016-07-11
GRADIENTE 2026-05-08
GRANDOAK 2026-04-20
GRANULES 2005-06-20
GRAPHITE 2002-07-01
GRASIM 2002-07-01
GRAUWEIL 2021-08-05
GRAVISSHO 2026-04-20
GRAVITA 2010-11-16
GREAVESCOT 2002-08-12
GREENLAM 2015-03-02
GREENPANEL 2019-10-23
GREENPLY 2002-07-03
800/2372 completed
GREENPOWER 2010-10-08
GRINDWELL 2006-09-11
GRINFRA 2021-07-19
GRMOVER 2022-09-07
GROBTEA 2016-07-14
GROWW 2025-11-12
GRPLTD 2015-02-12
GRSE 2018-10-24
GRWRHITECH 2022-02-03
GSFC 1996-01-01
GSLSU 2023-03-23
GSPCROP 2026-03-24
GSS 2008-03-07
GTECJAINX 2017-08-07
GTL 2002-07-01
GTLINFRA 2002-08-12
GTPL 2017-07-04
GUFICBIO 2004-10-19
GUJALKALI 1999-01-01
GUJAPOLLO 2007-06-04
GUJGASLTD 2015-09-15
GUJRAFFIA 2017-12-06
GUJTHEM 2025-02-25
GULFOILLUB 2014-07-31
GULFPETRO 2004-09-24
GULPOLY 2015-01-28
GVKPIL 2006-02-27
GVPIL 2002-07-01
GVPTECH 2017-03-15
GVT&D 2002-08-12
HAL 2018-04-02
HALDER 2026-01-19
HALDYNGL 2026-04-20
HALEOSLABS 2017-08-18
HAPPSTMNDS 2020-09-17
HAPPYFORGE 2023-12-27
HARDWYN 2022-04-12
HARIOMPIPE 2022-04-13
HARRMALAYA 2002-07-01
HARSHA 2022-09-26
HATHWAY 2010-02-25
HATSUN 2014-06-20
HAVELLS 2002-07-01
HAVISHA 2018-04-13
HAWKINCOOK 2026-04-23
HBESD 2026-04-20
HBLENGINE 2007-01-04
HBSL 2002-07-01
HCC 1996-01-01
HCG 2016-03-31
850/2372 completed
HCL-INSYS 2002-08-12
HCLTECH 2002-08-12
HDBFS 2025-07-02
HDFCAMC 2018-08-06
HDFCBANK 1996-01-01
HDFCLIFE 2017-11-17
HDIL 2007-07-24
HEADSUP 2016-12-14
HEALTHX 2010-10-05
HECPROJECT 2017-03-21
HEG 2002-07-01
HEIDELBERG 1996-01-01
HEMIPROP 2020-10-22
HERANBA 2021-03-05
HERITGFOOD 2002-07-01
HEROMOTOCO 2002-07-01
HESTERBIO 2015-03-13
HEXAGON 2026-06-12
HEXATRADEX 2012-04-20
HEXT 2025-02-19
HFCL 2002-08-12
HGINFRA 2018-03-09
HGM 2006-09-27
HGS 2002-08-12
HIKAL 2002-07-01
HILINFRA 2025-08-12
HILTON 2007-05-24
HIMATSEIDE 2002-07-01
HINDALCO 1996-01-01
HINDCOMPOS 2002-07-01
HINDCON 2018-03-12
HINDCOPPER 2010-01-08
HINDOILEXP 1996-01-01
HINDPETRO 1996-01-02
HINDUNILVR 1996-01-01
HINDWAREAP 2019-12-26
HINDZINC 2002-08-12
HIRECT 2006-12-27
HISARMETAL 2017-01-05
HITECH 2016-02-25
HITECHCORP 2007-12-20
HITECHGEAR 2003-05-15
HLEGLAS 2021-02-22
HLVLTD 2002-07-01
HMAAGRO 2023-07-04
HMT 2002-07-01
HMVL 2010-07-21
HNDFDS 2019-08-19
HOMEFIRST 2021-02-03
HONASA 2023-11-07
900/2372 completed
HONAUT 2002-07-01
HONDAPOWER 2002-07-01
HPAL 2021-12-27
HPIL 2020-02-11
HPL 2016-10-04
HSCL 2007-03-02
HTMEDIA 2005-09-01
HUBTOWN 2007-02-07
HUDCO 2017-05-19
HUHTAMAKI 2002-07-01
HYBRIDFIN 2022-12-06
HYUNDAI 2024-10-22
IBULLSLTD 2011-08-18
ICDSLTD 2021-07-06
ICEMAKE 2017-12-08
ICICIAMC 2025-12-19
ICICIBANK 2002-07-01$KALYANI.NS: possibly delisted; no price data found  (period=5d)
LANDSMILL.NS: Yahoo web request for share count failed

ICICIGI 2017-09-27
ICICIPRULI 2016-09-29
ICIL 2005-09-12
ICRA 2007-04-13
IDBI 1996-01-01
IDEA 2007-03-09
IDEAFORGE 2023-07-07
IDFCFIRSTB 2015-11-06
IEX 2017-10-23
IFBAGRO 2002-07-01
IFBIND 2002-07-01
IFCI 2002-07-01
IFGLEXPOR 2004-01-08
IGARASHI 2002-07-01
IGCL 2025-07-03
IGIL 2024-12-30
IGL 2003-12-26
IGPL 2007-01-29
IIFL 2005-05-17
IIFLCAPS 2019-09-20
IITL 2010-08-17
IKIO 2023-06-16
IKS 2024-12-19
IL&FSENGG 2007-10-25
IL&FSTRANS 2010-03-30
IMAGICAA 2015-04-06
IMFA 2010-07-23
IMPAL 2005-10-06
INA 2026-03-09
INCREDIBLE 2016-07-01
INDBANK 2008-10-08
INDGN 2024-05-13
INDHOTEL 2002-07-01
950/2372 completed
INDIACEM 1996-01-02
INDIAGLYCO 2002-08-12
INDIAMART 2019-07-04
INDIANB 2007-03-01
INDIANCARD 2002-07-01
INDIANHUME 2002-07-01
INDIASHLTR 2023-12-20
INDIGO 2015-11-10
INDIGOPNTS 2021-02-02
INDIQUBE 2025-07-30
INDNIPPON 2002-07-01
INDOAMIN 2022-04-29
INDOBORAX 2022-03-29
INDOCO 2005-01-14
INDOFARM 2025-01-07
INDORAMA 2002-08-12
INDOSTAR 2018-05-21
INDOTECH 2006-03-16
INDOTHAI 2011-11-02
INDOUS 2024-09-27
INDOWIND 2007-09-14
INDPRUD 2026-04-20
INDRAMEDCO 1997-05-07
INDSWFTLAB 2002-07-01
INDTERRAIN 2011-03-11
INDUSINDBK 2002-07-01
INDUSTOWER 2012-12-28
INFOBEAN 2017-07-24
INFOMEDIA 2002-07-01
INFY 1996-01-01
INGERRAND 2002-07-01
INNOVACAP 2023-12-29
INNOVANA 2017-12-12
INNOVISION 2026-03-23
INOXGREEN 2022-11-23
INOXINDIA 2023-12-21
INOXWIND 2015-04-09
INSECTICID 2007-05-30
INSPIRISYS 2006-10-30
INTELLECT 2014-12-18
INTENTECH 2017-03-23
INTERARCH 2024-08-26
INTLCONV 2021-09-16
INVENTURE 2011-08-04
INVPRECQ 2026-04-20
IOB 2002-07-01
IOC 1996-04-15
IOLCP 2010-11-08
IONEXCHANG 2022-02-22
IPCALAB 1996-01-01
1000/2372 completed
IPL 2021-07-05
IRB 2008-02-25
IRCON 2018-09-28
IRCTC 2019-10-14
IREDA 2023-11-29
IRFC 2021-01-29
IRIS 2021-11-08
IRISDOREME 2018-11-16
IRMENERGY 2023-10-26
ISFT 2010-04-12
ISGEC 2021-05-05
ISHANCH 2025-03-25
ITC 1996-01-01
ITCHOTELS 2025-01-29
ITDC 2016-12-30
ITI 2002-07-01
IVALUE 2025-09-25
IVC 2002-07-01
IVP 2002-07-04
IWP 2026-04-20
IXIGO 2024-06-18
IZMO 2007-02-05
J&KBANK 2002-08-12
JAGRAN 2006-02-22
JAGSNPHARM 2002-07-01
JAIBALAJI 2003-12-09
JAICORPLTD 2002-07-01
JAINREC 2025-10-06
JAIPURKURT 2017-03-16
JAMNAAUTO 2010-12-10
JARO 2025-09-30
JASH 2017-10-12
JAYAGROGN 2002-07-01
JAYBARMARU 2002-07-01
JAYKAY 2025-12-03
JAYNECOIND 2002-07-01
JAYSREETEA 2002-07-01
JBCHEPHARM 2002-07-01
JBMA 2004-12-17
JETFREIGHT 2017-03-15
JGCHEM 2024-03-13
JHS 2006-10-23
JINDALPHOT 2005-04-07
JINDALPOLY 2002-07-01
JINDALSAW 2002-07-01
JINDALSTEL 1999-09-22
JINDRILL 2004-09-23
JINDWORLD 2010-11-25
JIOFIN 2023-08-21
JISLDVREQS 2011-11-30
1050/2372 completed
JISLJALEQS 2002-01-18
JITFINFRA 2017-02-27
JKCEMENT 2006-03-14
JKIL 2008-02-12
JKIPL 2025-10-03
JKLAKSHMI 2006-06-19
JKPAPER 2005-06-16
JKTYRE 2004-06-14
JLHL 2023-09-18
JMA 2015-03-16
JMFINANCIL 2006-10-10
JNKINDIA 2024-04-30
JOCIL 2008-10-08
JPOLYINVST 2013-11-11
JPPOWER 2005-04-18
JSFB 2024-02-14
JSL 2003-11-17
JSLL 2022-05-04
JSWCEMENT 2025-08-14
JSWDULUX 2002-07-01
JSWENERGY 2010-01-04
JSWHL 2005-06-21
JSWINFRA 2023-10-03
JSWSTEEL 2003-05-08
JTEKTINDIA 2004-01-12
JTLIND 2021-12-23
JUBLCPL 2025-02-14
JUBLFOOD 2010-02-08
JUBLINGREA 2021-03-19
JUBLPHARMA 2002-07-01
JUNIPER 2024-02-28
JUSTDIAL 2013-06-05
JWL 2010-10-18
JYOTHYLAB 2007-12-19
JYOTICNC 2024-01-16
JYOTISTRUC 1996-01-01
KABRAEXTRU 2002-07-01
KAJARIACER 2002-07-01
KAKATCEM 2002-07-01
KALAMANDIR 2023-09-27
KALPATARU 2025-07-01
KALYANI 2025-07-02
KALYANIFRG 2007-12-20
KALYANKJIL 2021-03-26
KAMAHOLD 2026-04-20
KAMATHOTEL 2002-07-02
KAMDHENU 2006-05-09
KAMOPAINTS 2023-01-24
KANANIIND 2011-12-14
KANCHI 2026-04-20
1100/2372 completed
KANORICHEM 2002-07-01
KANPRPLA 2021-01-04
KANSAINER 2002-07-01
KAPSTON 2018-04-18
KARMAENG 2011-06-28
KARURVYSYA 1996-01-01
KAUSHALYA 2007-12-14
KAVDEFENCE 2008-01-29
KAYA 2015-08-14
KAYNES 2022-11-22
KCP 2002-07-01
KCPSUGIND 2002-07-01
KDDL 2016-04-12
KEC 2002-08-12
KECL 2010-03-09
KEEPLEARN 2021-03-25
KEI 2006-03-23
KELLTONTEC 2016-03-02
KENNAMET 2019-08-19
KERNEX 2005-12-20
KESORAMIND 1996-01-01
KEYFINSERV 2002-07-01
KFINTECH 2022-12-29
KHADIM 2017-11-14
KHAICHEM 2020-10-30
KHAITANLTD 2002-07-02
KHANDSE 2002-07-01
KICL 2008-10-21
KILITCH 2010-09-29
KIMS 2021-06-28
KINGFA 2010-01-08
KIOCL 2016-11-30
KIRANVYPAR 2026-04-20
KIRIINDUS 2008-04-22
KIRLFER 2019-11-13
KIRLOSBROS 2006-04-07
KIRLOSENG 2002-08-12
KIRLOSIND 2002-07-01
KIRLPNU 2023-04-26
KISSHT 2026-05-08
KITEX 2012-09-25
KKCL 2006-04-13
KLBRENG-B 2026-04-20
KMEW 2024-12-06
KMSUGAR 2008-01-01
KNAGRI 2022-04-11
KNRCON 2008-02-18
KOHINOOR 2002-07-01
KOKUYOCMLN 2008-07-28
KOLTEPATIL 2007-12-13
1150/2372 completed
KOPRAN 2002-07-01
KOTAKBANK 2001-07-02
KOTARISUG 2004-12-13
KOTHARIPET 2002-07-01
KOTHARIPRO 2002-07-01
KOTIC 2026-04-20
KOTYARK 2021-11-17
KOVAI 2010-03-02
KPEL 2024-11-21
KPIGREEN 2021-07-27
KPIL 2002-07-01
KPITTECH 2019-04-22
KPL 2026-04-20
KPRMILL 2007-08-28
KRBL 2002-01-24
KREBSBIO 2016-10-27
KRIDHANINF 2015-12-11
KRISHANA 2017-02-27
KRISHIVAL 2022-04-18
KRISHNADEF 2022-04-22
KRITI 2011-11-11
KRITIKA 2018-10-26
KRITINUT 2022-10-07
KRN 2024-10-03
KRONOX 2024-06-10
KROSS 2024-09-16
KRSNAA 2021-08-16
KRYSTAL 2024-03-21
KSB 2002-07-01
KSCL 2007-10-04
KSHINTL 2025-12-23
KSHITIJPOL 2018-10-23
KSL 2008-10-21
KSOLVES 2020-08-07
KSR 2025-11-27
KTKBANK 2000-05-10
KUANTUM 2019-10-23
KWIL 2026-02-16
LAGNAM 2018-10-04
LAHOTIOV 2026-04-20
LAKPRE 2006-09-26
LAL 2023-04-10
LALPATHLAB 2015-12-23
LAMBODHARA 2015-02-04
LANCORHOL 2024-03-12
LANDMARK 2022-12-23
LANDSMILL 2009-08-03
LAOPALA 2007-03-16
LASA 2017-09-21
LATENTVIEW 2021-11-23
1200/2372 completed
LATTEYS 2018-06-20
LAURUSLABS 2016-12-19
LAXMICOT 2017-07-25
LAXMIDENTL 2025-01-20
LAXMIINDIA 2025-08-05
LCCINFOTEC 2002-07-01
LEMERITE 2022-05-23
LEMONTREE 2018-04-09
LENSKART 2025-11-10
LEXUS 2017-08-23
LFIC 2010-06-30
LGBBROSLTD 2008-01-01
LGEINDIA 2025-10-14
LGHL 2020-05-05
LIBAS 2017-03-15
LIBERTSHOE 2002-07-01
LICHSGFIN 2002-07-01
LICI 2022-05-17
LIKHITHA 2020-10-15
LINC 2015-03-09
LINCOLN 2015-12-17
LINDEINDIA 2000-05-31
LLOYDSENGG 2016-07-20
LLOYDSENT 2024-10-17
LLOYDSME 2023-07-17
LMW 2002-07-01
LODHA 2021-04-19
LOKESHMACH 2006-05-05
LORDSCHLO 2023-08-28
LOTUSDEV 2025-08-06
LOTUSEYE 2008-07-11
LOVABLE 2011-03-24
LOYALTEX 2022-08-11
LPDC 2008-08-12
LT 2002-07-01
LTF 2011-08-12
LTFOODS 2006-12-19
LTM 2016-07-21
LTTS 2016-09-23
LUMAXIND 2002-07-01
LUMAXTECH 2007-01-16
LUPIN 2001-09-10
LUXIND 2015-12-01
LXCHEM 2021-03-25
LYKALABS 1996-01-01
LYPSAGEMS 2013-11-05
M&M 1996-01-01
M&MFIN 2006-03-17
MAANALU 2005-06-24
MACPOWER 2018-03-22
1250/2372 completed
MADHAV 2007-12-20
MADHAVIPL 2026-04-20
MADHUCON 2006-10-05
MADRASFERT 2002-07-01
MAFATIND 2026-04-23
MAGADSUGAR 2017-07-28
MAGNUM 2007-09-20
MAHABANK 2004-04-12
MAHAPEXLTD 2018-04-05
MAHASTEEL 2016-07-01
MAHEPC 2020-02-14
MAHESHWARI 2017-03-15
MAHLIFE 2002-07-01
MAHLOG 2017-11-10
MAHSCOOTER 2002-07-01
MAHSEAMLES 2002-07-01
MAITHANALL 2011-07-05
MAJESAUT 2026-04-23
MALLCOM 2022-02-02
MALUPAPER 2006-04-05
MAMATA 2024-12-27
MANAKALUCO 2015-03-30
MANAKCOAT 2015-03-30
MANAKSIA 2008-01-08
MANAKSTEEL 2015-03-30
MANALIPETC 2002-07-01
MANAPPURAM 2010-06-30
MANBA 2024-09-30
MANCREDIT 2024-08-16
MANGALAM 2005-05-23
MANGLMCEM 2002-07-01
MANINDS 2005-06-24
MANINFRA 2010-03-11
MANKIND 2023-05-09
MANOMAY 2023-01-18
MANORAMA 2022-07-01
MANORG 2021-11-02
MANUGRAPH 2006-09-14
MANYAVAR 2022-02-16
MAPMYINDIA 2021-12-21
MARALOVER 2002-07-01
MARATHON 2016-09-29
MARICO 1996-05-01
MARINE 2018-10-26
MARKOLINES 2025-10-14
MARKSANS 2002-07-19
MARSONS 2026-03-13
MARUTI 2003-07-09
MASFIN 2017-10-18
MASKINVEST 2016-10-14
1300/2372 completed
MASTEK 2002-07-01
MASTERTR 2024-12-06
MATRIMONY 2017-09-21
MAWANASUG 2009-03-20
MAXESTATES 2023-10-30
MAXHEALTH 2020-08-21
MAXIND 2020-08-28
MAYURUNIQ 2012-09-25
MAZDA 2016-11-02
MAZDOCK 2020-10-12
MBAPL 2016-09-12
MBEL 2025-08-06
MBLINFRA 2010-01-11
MCCHRLS-B 2026-04-21
MCL 2017-03-15
MCLEODRUSS 2002-08-12
MCLOUD 2025-02-07
MCX 2012-03-09
MEDANTA 2022-11-18
MEDIASSIST 2024-01-23
MEDICAMEQ 2021-10-27
MEDICO 2022-05-26
MEDPLUS 2021-12-23
MEESHO 2025-12-10
MEGASTAR 2022-02-16
MEIL 2025-08-28
MENNPIS 2026-04-20
MENONBE 2015-03-09
MEP 2015-05-06
MERCANTILE 2026-04-20
MERCURYEV 2026-06-02
METROBRAND 2021-12-22
METROGLOBL 2026-04-22
METROPOLIS 2019-04-15
MFML 2024-08-27
MFSL 1996-01-01
MGEL 2019-12-11
MGL 2016-07-01
MHLXMIRU 2022-01-27
MHRIL 2009-07-16
MICEL 2007-05-30
MIDHANI 2018-04-04
MIDWESTLTD 2025-10-24
MINDACORP 2012-03-19
MINDTECK 2016-08-02
MIRZAINT 2002-07-01
MITCON 2017-03-15
MITTAL 2018-04-16
MKPL 2017-07-27
MMFL 2006-12-20
1350/2372 completed
MMP 2018-04-26
MMTC 2010-01-08
MMWL 2026-04-22
MOBIKWIK 2024-12-18
MODINATUR 2025-12-11
MODIRUBBER 2018-06-20
MODIS 2025-11-14
MODISONLTD 2021-05-03
MODTHREAD 2024-02-16
MOHITIND 2013-03-14
MOIL 2010-12-15
MOKSH 2018-01-03
MOL 2021-08-18
MOLDTECH 2016-07-07
MOLDTKPAC 2015-02-23
MONARCH 2022-01-06
MONEYBOXX 2025-10-15
MONTECARLO 2014-12-19
MORARJEE 2007-12-03
MOREPENLAB 1996-01-01
MOSCHIP 2025-02-05
MOTHERSON 2002-07-01
MOTILALOFS 2007-09-11
MOTISONS 2023-12-26
MOTOGENFIN 2002-07-23
MPHASIS 2002-07-01
MPSLTD 2002-07-01
MRF 2002-07-01
MRPL 1996-01-01
MSPL 2005-07-18
MSTCLTD 2019-04-01
MSUMI 2022-03-28
MTARTECH 2021-03-15
MTEDUCARE 2012-04-12
MTNL 1996-01-01
MUFIN 2023-11-06
MUFTI 2023-12-27
MUKANDLTD 2002-07-01
MUKKA 2024-03-07
MUKTAARTS 2002-07-01
MUNJALAU 2003-09-03
MUNJALSHOW 2002-07-01
MURUDCERA 2004-05-28
MUTHOOTCAP 2015-08-24
MUTHOOTFIN 2011-05-06
MUTHOOTMF 2023-12-26
MVGJL 2023-10-03
MWL 2022-07-25
NACLIND 2017-04-10
NAGREEKCAP 2005-12-23
1400/2372 completed
NAGREEKEXP 2005-12-22
NAHARCAP 2008-03-11
NAHARINDUS 2005-12-15
NAHARPOLY 2002-07-01
NAHARSPING 2002-07-01
NAM-INDIA 2017-11-06
NARMADA 2018-05-04
NATCAPSUQ 2025-02-14
NATCOPHARM 1996-01-01
NATHBIOGEN 2014-01-28
NATIONALUM 1999-04-28
NATIONSTD 2026-04-20
NAUKRI 2006-11-21
NAVA 2002-07-01
NAVINFLUOR 2007-06-01
NAVKARCORP 2015-09-09
NAVKARURB 2025-01-17
NAVNETEDUL 2002-07-01
NAZARA 2021-03-30
NBCC 2012-04-12
NBIFIN 2016-12-07
NCC 2002-08-12
NCLIND 2007-04-03
NDGL 2016-08-30
NDL 2005-12-29
NDLVENTURE 2002-07-01
NDRAUTO 2020-07-30
NDTV 2004-05-19
NEAGI 2026-04-22
NECCLTD 2016-03-02
NECLIFE 2005-07-18
NELCAST 2007-06-27
NELCO 2002-07-01
NEOGEN 2019-05-08
NEPHROPLUS 2025-12-17
NESCO 2008-04-08
NESTLEIND 2002-08-12
NETWEB 2023-07-27
NETWORK18 2002-08-12
NEULANDLAB 2008-10-13
NEWGEN 2018-01-29
NEXTMEDIA 2002-07-01
NFL 2006-12-28
NGIL 2021-08-20
NGLFINE 2022-07-08
NH 2016-01-06
NHPC 2009-09-01
NIACL 2017-11-13
NIBE 2025-02-07
NIBL 2013-04-16
1450/2372 completed
NIITLTD 2002-01-01
NIITMTS 2023-08-08
NILAINFRA 2015-05-21
NILASPACES 2018-12-28
NILE 2026-04-20
NILKAMAL 1999-01-01
NIMBSPROJ 2026-04-06
NINSYS 2023-02-21
NIPPOBATRY 2002-07-01
NIRAJ 2020-10-01
NIRAJISPAT 2024-03-11
NIRLON 2026-04-23
NITCO 2006-03-21
NITINSPIN 2006-02-02
NITIRAJ 2017-03-16
NITTAGELA 2026-04-23
NIVABUPA 2024-11-14
NKIND 2016-03-31
NLCINDIA 2000-08-23
NMDC 2008-03-03
NOCIL 2002-07-01
NOIDATOLL 2002-12-06
NORBTEAEXP 2002-07-01
NORTHARC 2024-09-24
NOVAAGRI 2024-01-31
NOVARTIND 2020-10-07
NPST 2021-09-16
NRAIL 2017-04-05
NRBBEARING 2002-07-01
NRL 2022-01-06
NSIL 2002-07-01
NSLNISP 2023-02-20
NTPC 2004-11-05
NTPCGREEN 2024-11-27
NUCLEUS 2002-12-19
NURECA 2021-02-25
NUVAMA 2023-09-26
NUVOCO 2021-08-23
NYKAA 2021-11-10
OAL 2020-04-15
OBCL 2022-04-07
OBEROIRLTY 2010-10-20
OCCLLTD 2024-10-29
ODIGMA 2024-12-12
OFSS 2002-06-28
OIL 2009-09-30
OILCOUNTUB 2002-07-01
OLAELEC 2024-08-09
OLECTRA 2002-07-01
OMAXAUTO 2003-02-24
1500/2372 completed
OMAXE 2007-08-09
OMFREIGHT 2025-10-08
OMINFRAL 2011-06-17
OMNI 2026-03-05
OMPOWER 2026-04-17
ONELIFECAP 2011-10-17
ONEPOINT 2017-12-26
ONESOURCE 2025-01-24
ONGC 1996-01-01
ONIDA 2026-06-10
ONMOBILE 2008-02-19
ONWARDTEC 2002-07-01
OPTIEMUS 2017-08-08
ORBTEXP 2013-11-05
ORCHASP 2025-02-07
ORCHPHARMA 2002-07-01
ORICONENT 2015-07-24
ORIENTALTL 2007-03-07
ORIENTBELL 2007-02-14
ORIENTCEM 2013-07-12
ORIENTCER 2005-12-15
ORIENTELEC 2018-05-14
ORIENTHOT 2002-07-01
ORIENTLTD 2002-07-01
ORIENTPPR 2002-07-01
ORIENTTECH 2024-08-28
ORISSAMINE 2010-09-29
ORKLAINDIA 2025-11-06
ORTEL 2015-03-19
ORTINGLOBE 2015-08-21
OSIAHYPER 2019-04-23
OSWALAGRO 2018-09-14
OSWALGREEN 2002-07-01
OSWALPUMPS 2025-06-20
OSWALSEEDS 2018-07-04
PACEDIGITK 2025-10-06
PAGEIND 2007-03-16
PAISALO 2009-06-16
PAKKA 2023-07-11
PALASHSECU 2017-07-31
PALREDTEC 2004-03-15
PANACEABIO 2002-07-01
PANACHE 2017-04-28
PANAMAPET 2011-09-30
PANSARI 2017-03-22
PAR 2019-05-30
PARACABLES 2007-01-03
PARADEEP 2022-05-27
PARAGMILK 2016-05-19
PARAS 2021-10-01
1550/2372 completed
PARASPETRO 2002-08-02
PARKHOSPS 2025-12-17
PARKHOTELS 2024-02-12
PARSVNATH 2006-11-30
PASHUPATI 2017-09-08
PASUPTAC 2021-10-12
PATANJALI 2002-07-01
PATELENG 2005-02-24
PATELRMART 2025-08-26
PATINTLOG 2008-01-11
PAUSHAKLTD 2025-12-01
PAVNAIND 2021-03-24
PAYTM 2021-11-18
PCBL 2002-07-01
PCJEWELLER 2012-12-27
PDMJEPAPER 2016-03-30
PDSL 2014-10-21
PEARLPOLY 2002-07-01
PENIND 2010-11-25
PENINLAND 2002-07-01
PERSISTENT 2010-04-06
PETRONET 2004-03-26
PFC 2007-02-23
PFIZER 2002-07-01
PFOCUS 2006-06-20
PFS 2011-03-30
PGEL 2011-09-26
PGHH 2002-08-12
PGHL 2002-07-01
PGIL 2007-02-15
PHOENIXLTD 2007-04-23
PICCADIL 2025-07-02
PIDILITIND 2002-07-01
PIGL 2018-05-08
PIIND 2011-06-15
PILANIINVS 2011-10-25
PILITA 2002-08-12
PINELABS 2025-11-14
PIONEEREMB 2006-05-16
PIONRINV 2026-04-20
PIRAMALFIN 2025-11-07
PITTIENG 2007-02-02
PIXTRANS 2022-04-28
PKTEA 2010-06-30
PLASTIBLEN 2006-12-28
PLATIND 2024-03-05
PLAZACABLE 2023-10-12
PML 2026-04-20
PNB 2002-07-01
PNBGILTS 2002-07-01
1600/2372 completed
PNBHOUSING 2016-11-07
PNC 2002-07-01
PNCINFRA 2015-05-26
PNGJL 2024-09-17
PNGSREVA 2026-03-04
POCL 2010-10-01
PODDARMENT 2016-11-22
POKARNA 2016-07-07
POLICYBZR 2021-11-15
POLYCAB 2019-04-16
POLYMED 2011-12-07
POLYPLEX 2002-07-01
PONNIERODE 2002-07-01
POONAWALLA 2004-04-27
POWERGRID 2007-10-05
POWERICA 2026-04-02
POWERINDIA 2020-03-30
POWERMECH 2015-08-26
PPAP 2008-01-11
PPL 2019-06-17
PPLPHARMA 2022-10-19
PRABHA 2025-03-19
PRADPME 2026-04-20
PRAENG 2007-01-03
PRAJIND 2002-07-01
PRAKASH 2002-07-01
PRAKASHSTL 2010-08-25
PRAVEG 2026-04-20
PRAXIS 2018-01-31
PRECAM 2016-02-08
PRECOT 2005-08-19
PRECWIRE 2002-07-01
PREMCO 2026-04-20
PREMEXPLN 2016-06-17
PREMIER 2001-11-09
PREMIERENE 2024-09-03
PREMIERPOL 2012-08-16
PRESTIGE 2010-10-27
PRICOLLTD 2002-07-01
PRIMESECU 2002-07-01
PRIMO 2025-04-22
PRINCEPIPE 2019-12-30
PRITI 2018-07-05
PRITIKAUTO 2021-08-10
PRIVISCL 2015-05-08
PROSTARM 2025-06-03
PROTEAN 2025-02-06
PROZONER 2012-09-12
PRSMJOHNSN 2002-07-01
PRUDENT 2022-05-20
1650/2372 completed
PRUDMOULI 2023-12-22
PSB 2010-12-30
PSPPROJECT 2017-05-29
PTC 2004-04-07
PTCIL 2023-06-09
PTL 2007-01-29
PUNJABCHEM 2007-03-08
PURVA 2007-08-30
PVP 1996-04-04
PVRINOX 2006-01-04
PVSL 2024-03-19
PWL 2025-11-18
PYRAMID 2023-08-29
QMSMEDI 2022-10-11
QPOWER 2025-02-24
QUADFUTURE 2025-01-14
QUESS 2016-07-12
QUICKHEAL 2016-02-18
QUINT 2026-04-21
RACE 2023-05-09
RACLGEAR 2024-12-06
RADAAN 2003-03-03
RADHIKAJWE 2022-07-18
RADIANTCMS 2023-01-04
RADICO 2003-06-18
RADIOCITY 2017-03-17
RAILTEL 2021-02-26
RAIN 2002-08-12
RAINBOW 2022-05-10
RAJESHEXPO 2002-07-01
RAJMET 2018-10-23
RAJOOENG 2025-05-29
RAJPALAYAM 2026-04-15
RAJRATAN 2020-05-22
RAJRILTD 2007-01-04
RAJSREESUG 2002-07-01
RAJTV 2007-03-16
RALLIS 2002-07-01
RAMANEWS 2002-07-01
RAMAPHO 2022-08-05
RAMASTEEL 2015-08-24
RAMCOCEM 2002-07-01
RAMCOIND 2002-07-01
RAMCOSYS 2002-08-12
RAMKY 2010-10-08
RAMRAT 2022-07-29
RANASUG 2005-02-24
RANEHOLDIN 2002-07-01
RATEGAIN 2021-12-17
RATNAMANI 2006-05-09
1700/2372 completed
RATNAVEER 2023-09-11
RAYMOND 1996-01-01
RAYMONDLSL 2024-09-05
RAYMONDREL 2025-07-01
RBA 2020-12-14
RBLBANK 2016-08-31
RBZJEWEL 2023-12-27
RCF 2002-07-01
RCOM 2002-08-12
RECLTD 2008-03-12
REDINGTON 2007-02-15
REDTAPE 2023-08-11
REFEX 2009-12-03
REGAAL 2025-08-20
REGENCERAM 2002-07-01
RELAXO 2011-06-17
RELCHEMQ 2022-05-25
RELIABLE 2017-10-12
RELIANCE 1996-01-01
RELIGARE 2007-11-21
RELTD 2024-07-30
REMSONSIND 2002-07-01
RENUKA 2005-10-31
REPCOHOME 2013-04-01
REPL 2018-07-27
REPRO 2004-10-12
RESPONIND 2010-10-29
RETAIL 2024-06-26
RGL 2007-12-12
RHETAN 2025-09-26
RHFL 2017-09-22
RHIM 2012-03-12
RHL 2023-04-25
RICOAUTO 2002-07-02
RIIL 1996-01-01
RISHABH 2023-09-11
RITCO 2022-04-12
RITES 2018-07-03
RKDL 2010-12-27
RKEC 2017-10-09
RKFORGE 2004-05-05
RKSWAMY 2024-03-12
RMC 2026-04-02
RMDRIP 2017-10-04
RML 2005-08-30
RNBDENIMS 2025-09-04
ROHLTD 2006-02-06
ROLEXRINGS 2021-08-09
ROLLT 2016-11-22
ROML 2009-08-12
1750/2372 completed
ROSSARI 2020-07-23
ROSSELLIND 2012-09-25
ROSSTECH 2024-12-10SUMEET-RE.NS: Period 'max' is invalid, must be one of: 1d, 5d

ROTO 2022-04-21
ROUTE 2020-09-21
RPEL 2024-08-08
RPGLIFE 2002-08-12
RPOWER 2008-02-11
RPPINFRA 2010-12-06
RPPL 2018-10-09
RPSGVENT 2019-01-25
RPTECH 2024-02-14
RRIL 2026-04-20
RRKABEL 2023-09-20
RSDFIN 2026-04-20
RSL 2026-03-19
RSSOFTWARE 2002-07-01
RSWM 2002-07-01
RSYSTEMS 2006-04-26
RTNINDIA 2012-07-30
RTNPOWER 2009-10-30
RUBFILA 2024-08-09
RUBICON 2025-10-16
RUBYMILLS 2002-07-05
RUCHINFRA 2002-09-02
RUCHIRA 2006-12-20
RUDRA 2025-12-19
RUPA 2011-12-07
RUSHIL 2011-07-07
RUSTOMJEE 2022-11-24
RVHL 2020-12-18
RVNL 2019-04-11
RVTH 2024-09-11
S&SPOWER 2020-03-30
SAATVIKGL 2025-09-26
SABEVENTS 2016-09-15
SADBHAV 2006-03-01
SADBHIN 2015-09-16
SADHNANIQ 2023-05-05
SAFARI 2019-09-12
SAGARDEEP 2017-07-13
SAGCEM 2007-01-29
SAGILITY 2024-11-12
SAHLIBHFI 2026-04-10
SAHYADRI 2023-04-06
SAIL 1996-01-01
SAILIFE 2024-12-18
SAIPARENT 2026-04-02
SAKAR 2017-03-16
SAKHTISUG 2002-07-01
1800/2372 completed
SAKSOFT 2005-05-09
SAKUMA 2006-03-08
SALASAR 2017-07-25
SALONA 2010-08-09
SALSTEEL 2004-11-24
SALZERELEC 2015-12-02
SAMBHAAV 2002-07-02
SAMBHV 2025-07-02
SAMHI 2023-09-22
SAMMAANCAP 2013-07-23
SAMPANN 2012-07-27
SANATHAN 2024-12-27
SANDESH 2002-07-01
SANDHAR 2018-04-02
SANDUMA 2023-09-07
SANGAMIND 2002-07-01
SANGHVIMOV 2007-01-24
SANGINITA 2017-03-16
SANOFI 2002-07-01
SANOFICONR 2024-09-13
SANSERA 2021-09-24
SANSTAR 2024-07-26
SANWARIA 2006-03-27
SAPPHIRE 2021-11-18
SAPPL 2026-04-22
SARDAEN 2009-12-03
SAREGAMA 2002-07-01
SARLAPOLY 2007-01-19
SARVESHWAR 2018-03-15
SASKEN 2005-09-09
SATIA 2019-07-17
SATIN 2015-08-27
SAURASHCEM 2024-02-27
SAYAJIHOTL 2026-04-13
SBC 2021-11-23
SBCL 2021-06-24
SBFC 2023-08-16
SBGLP 2023-02-10
SBICARD 2020-03-16
SBILIFE 2017-10-03
SBIN 1996-01-01
SCANSTL 2026-04-20
SCHAEFFLER 2002-07-01
SCHAND 2017-05-09
SCHNEIDER 2012-03-20
SCI 2002-07-01
SCILAL 2024-03-19
SCODATUBES 2025-06-04
SCPL 2022-11-22
SDBL 2014-04-01
1850/2372 completed
SEAMECLTD 2002-07-01
SECMARK 2023-10-16
SECURKLOUD 2014-01-29
SEDEMAC 2026-03-11
SEIL 2026-04-21
SEJALLTD 2009-11-30
SELMC 2007-08-21
SEMAC 2005-08-11
SENCO 2023-07-14
SENORES 2024-12-30
SEPC 2008-02-20
SERVOTECH 2017-08-24
SESHAPAPER 2002-07-01
SETCO 2016-07-01
SETL 2025-01-13
SETUINFRA 2011-10-04
SEYAIND 2019-07-15
SFL 2016-12-12
SGFIN 2025-08-05
SGIL 2021-07-28
SGL 2006-04-10
SGMART 2025-09-12
SHADOWFAX 2026-01-28
SHAH 2010-10-27
SHAHALLOYS 2005-06-16
SHAILY 2022-04-04
SHAKTIPUMP 2011-10-25
SHALBY 2017-12-15
SHALPAINTS 2008-03-03
SHANKARA 2017-04-05
SHANTI 2017-08-03
SHANTIGEAR 2002-07-01
SHANTIGOLD 2025-08-01
SHARDACROP 2014-09-23
SHARDAMOTR 2015-09-03
SHARDUL 2026-04-22
SHAREINDIA 2020-09-21
SHBAJRG 2026-04-21
SHEKHAWATI 2011-01-12
SHEMAROO 2014-10-01
SHILCTECH 2025-11-24
SHILPAMED 2009-12-03
SHINDL 2026-04-20
SHIVALIK 2021-12-09
SHIVAMAUTO 2006-11-21
SHIVAMILLS 2018-02-26
SHIVATEX 2002-07-01
SHIVAUM 2019-10-17
SHK 2015-11-16
SHOPERSTOP 2005-05-23
1900/2372 completed
SHRADHA 2017-12-11
SHREDIGCEM 2019-08-19
SHREECEM 2001-07-02
SHREEJISPG 2025-08-26
SHREEPUSHK 2015-09-10
SHREERAMA 2000-03-21
SHRENIK 2017-07-18
SHREYANIND 2002-06-25
SHRIKRISH 2026-04-20
SHRINGARMS 2025-09-17
SHRIPISTON 2016-06-09
SHRIRAMFIN 2002-07-01
SHRIRAMPPS 2021-12-20
SHYAMCENT 2015-07-28
SHYAMMETL 2021-06-24
SHYAMTEL 2002-07-01
SICAGEN 2002-08-12
SIEMENS 1999-01-04
SIGACHI 2021-11-15
SIGIND 2013-06-11
SIGMA 2020-11-12
SIGMAADV 2007-07-19
SIGNATURE 2023-09-27
SIGNPOST 2024-02-14
SIKA 2026-04-20
SIKKO 2017-07-27
SIL 2002-07-01
SILGO 2018-10-29
SILINV 2002-07-01
SILLYMONKS 2018-01-18
SILVERTUC 2017-12-01
SIMBHALS 2006-06-27
SIMPLEXINF 2004-03-09
SINCLAIR 2024-04-10
SINDHUTRAD 2023-06-20
SINGERIND 2026-03-19
SINTERCOM 2018-02-15
SIRCA 2018-06-13
SIS 2017-08-10
SITINET 2007-01-10
SIYSIL 2002-04-19
SJS 2021-11-15
SJVN 2010-05-20
SKFINDIA 2002-08-12
SKFINDUS 2025-12-08
SKIPPER 2015-05-27
SKMEGGPROD 2002-07-05
SKYGOLD 2023-01-06
SMARTLINK 2002-07-01
SMARTWORKS 2025-07-17
1950/2372 completed
SMCGLOBAL 2021-02-24
SMLMAH 2002-07-01
SMLT 2021-11-25
SMSPHARMA 2007-02-28
SNOWMAN 2014-09-12
SOBHA 2006-12-20
SOFTTECH 2018-05-25
SOLARA 2018-06-27
SOLARINDS 2006-04-03
SOLARWORLD 2025-09-30
SOLEX 2018-02-06
SOMANYCERA 2002-07-01
SOMATEX 2002-07-01
SOMICONVEY 2016-07-18
SONACOMS 2021-06-24
SONAL 2026-04-22
SONAMLTD 2018-06-28
SONATSOFTW 2002-07-01
SOTL 2002-07-01
SOUTHBANK 1998-12-14
SOUTHWEST 2018-02-19
SPAL 2016-08-12
SPANDANA 2019-08-19
SPARC 2003-01-14
SPCENET 2013-11-13
SPECIALITY 2012-05-30
SPECTRUM 2018-10-16
SPENCERS 2019-01-25
SPIC 2002-07-01
SPLIL 2005-07-26
SPLPETRO 2002-07-01
SPMLINFRA 2002-07-01
SPORTKING 2022-08-24
SRD 2024-10-09
SREEL 2014-01-01
SRF 2002-07-01
SRGHFL 2023-08-21
SRHHYPOLTD 2007-05-08
SRM 2024-04-03
SRTL 2026-03-02
SSDL 2024-08-20
SSWL 2005-06-06
STALLION 2025-01-23
STANLEY 2024-06-28
STAR 2002-06-26
STARCEMENT 2017-06-19
STARHEALTH 2021-12-10
STARPAPER 2002-07-01
STARTECK 2022-05-04
STCINDIA 2003-04-01
2000/2372 completed
STEELCAS 2021-11-23
STEELCITY 2017-03-16
STEELXIND 2017-07-20
STEL 2011-02-09
STERTOOLS 2006-02-02
STLNETWORK 2025-09-04
STLTECH 2000-12-08
STOVEKRAFT 2021-02-08
STUDDS 2025-11-07
STYL 2025-09-30
STYLAMIND 2021-08-02
STYLEBAAZA 2024-09-06
STYRENIX 2002-08-12
SUBEXLTD 2003-09-05
SUBROS 2005-07-13
SUDARCOLOR 2002-07-01
SUDARSCHEM 2005-03-03
SUDEEPPHRM 2025-11-28
SUKHJITS 2022-11-07
SULA 2022-12-22
SUMEETINDS 2010-12-10
SUMICHEM 2020-01-27
SUMIT 2018-09-26
SUMMITSEC 2009-11-26
SUNCLAY 2023-12-29
SUNDARAM 2010-06-02
SUNDARMFIN 2002-07-01
SUNDRMBRAK 2002-08-12
SUNDRMFAST 2002-07-01
SUNDROP 2002-07-01
SUNFLAG 2005-09-29
SUNPHARMA 1996-01-01
SUNTECK 2009-11-13
SUNTV 2006-04-24
SUPERHOUSE 2014-09-26
SUPERSPIN 2004-07-09
SUPRAJIT 2005-02-18
SUPREME 2025-02-03
SUPREMEENG 2018-09-24
SUPREMEIND 2002-07-01
SUPREMEINF 2007-10-18
SUPRIYA 2021-12-28
SURAJEST 2023-12-26
SURAJLTD 2024-08-29
SURAKSHA 2024-12-06
SURANASOL 2002-08-12
SURANAT&P 2002-07-01
SURYALA 2026-04-20
SURYALAXMI 2002-07-01
2050/2372 completed
SURYAROSNI 2002-07-01
SURYODAY 2021-03-26
SUTLEJTEX 2002-08-12
SUVEN 2003-10-24
SUVIDHAA 2021-03-31
SUYOG 2024-08-20
SUZLON 2005-10-19
SVLL 2018-06-18
SVPGLOB 2021-07-14
SWANCORP 2012-05-29
SWANDEF 2009-10-09
SWARAJENG 2002-07-01
SWELECTES 2006-05-09
SWIGGY 2024-11-13
SWSOLAR 2019-08-20
SYMPHONY 2011-06-15
SYNCOMF 2022-11-18
SYNGENE 2015-08-11
SYRMA 2022-08-26
SYSTMTXC 2025-10-06
TAALTECH 2026-04-20
TAINWALCHM 2002-07-02
TAJGVK 2002-08-12
TAKE 2007-08-27
TALBROAUTO 2006-09-29
TAMBOLIIN 2026-04-20
TANLA 2007-01-05
TARACHAND 2018-03-23
TARAPUR 2010-05-18
TARC 2020-12-18
TARIL 2007-12-28
TARMAT 2007-07-09
TARSONS 2021-11-26
TASTYBITE 2017-03-23
TATACAP 2025-10-13
TATACHEM 1996-01-01
TATACOMM 2002-07-01
TATACONSUM 1996-01-01
TATAELXSI 2002-07-01
TATAINVEST 1996-01-01
TATAPOWER 1996-01-01
TATASTEEL 1996-01-01
TATATECH 2023-11-30
TATVA 2021-07-29
TBOTEK 2024-05-15
TBZ 2012-05-09
TCC 2026-02-25
TCI 2002-07-01
TCIEXP 2016-12-15
TCIFINANCE 2003-05-23
2100/2372 completed
TCPLPACK 2017-10-17
TCS 2002-08-12
TDPOWERSYS 2011-09-08
TEAMGTY 2002-07-01
TEAMLEASE 2016-02-12
TECHM 2006-08-28
TECHNOE 2007-04-02
TECHNVISN 2026-04-22
TECILCHEM 2023-04-20
TEGA 2021-12-13
TEJASNET 2017-06-27
TEMBO 2018-08-29
TENNIND 2025-11-19
TERASOFT 2016-12-29
TEXINFRA 2004-09-09
TEXMOPIPES 2010-03-10
TEXRAIL 2004-09-09
TFCILTD 2002-07-01
TFL 2007-02-26
TGBHOTELS 2007-05-17
THACKER 2026-04-20
THAKDEV 2026-04-22
THANGAMAYL 2010-02-19
THEINVEST 2017-08-03
THEJO 2016-07-13
THELEELA 2025-06-02
THEMISMED 2007-04-02
THERMAX 2002-07-01
THOMASCOOK 2002-07-01
THOMASCOTT 2012-01-30
THYROCARE 2016-05-09
TI 2010-07-16
TICL 2008-02-19
TIGERLOGS 2025-09-18
TIIL 2007-02-12
TIINDIA 2017-11-02
TIJARIA 2011-10-14
TIL 2002-07-01
TIMETECHNO 2007-06-13
TIMEX 2026-04-23
TIMKEN 2002-08-12
TINNARUBR 2025-04-17
TIPSFILMS 2022-10-06
TIPSMUSIC 2002-07-01
TIRUMALCHM 2002-07-01
TIRUPATIFL 2017-10-12
TITAGARH 2008-04-21
TITAN 1996-01-01
TMB 2022-09-15
TMCV 2025-11-12
2150/2372 completed
TMPV 1991-01-02
TNPETRO 2002-07-01
TNPL 2002-08-12
TNTELE 1999-01-04
TOKYOPLAST 2002-07-01
TOLINS 2024-09-16
TORNTPHARM 2002-07-01
TORNTPOWER 2006-11-28
TOTAL 2017-08-07
TOUCHWOOD 2017-12-21
TPHQ 2003-01-24
TPLPLASTEH 2015-05-20
TRACXN 2022-10-20
TRANSPEK 2026-04-22
TRANSRAILL 2024-12-27
TRANSWORLD 2002-07-01
TRAVELFOOD 2025-07-14
TREEHOUSE 2011-08-26
TREJHARA 2018-12-28
TREL 2023-08-10
TRENT 2002-07-01
TRF 2010-01-08
TRIDENT 2002-07-01
TRIGYN 2002-07-01
TRITURBINE 2011-10-28
TRIVENI 2005-12-13
TRU 2022-05-10
TRUALT 2025-10-06
TSFINV 2018-03-27
TTKHLTCARE 2010-01-08
TTKPRESTIG 2002-07-01
TTL 2007-02-22
TTML 2000-10-26
TVSELECT 2002-07-01
TVSHLTD 2002-08-12
TVSMOTOR 2000-08-02
TVSSCS 2023-08-23
TVSSRICHAK 2007-02-13
TVTODAY 2004-01-16
TVVISION 2016-09-15
UBL 2008-07-28
UCAL 1999-01-01
UCOBANK 2003-10-09
UDS 2023-10-04
UEL 2011-10-20
UFBL 2021-04-07
UFLEX 2002-07-01
UFO 2015-05-14
UGARSUGAR 2010-08-23
UGROCAP 2021-08-11
2200/2372 completed
UJJIVANSFB 2019-12-12
ULTRACEMCO 2002-08-12
ULTRAMAR 2026-04-22
UMAEXPORTS 2022-04-07
UMESLTD 2008-01-01
UMIYA-MRO 2002-08-12
UNICHEMLAB 2002-07-01
UNIDT 2020-09-25
UNIECOM 2024-08-13
UNIENTER 2002-07-01
UNIINFO 2018-03-15
UNIMECH 2024-12-31
UNIONBANK 2002-09-24
UNIPARTS 2022-12-12
UNITDSPR 2002-07-01
UNITECH 2002-07-01
UNITEDPOLY 2017-03-16
UNITEDTEA 2010-01-08
UNIVASTU 2018-06-27
UNIVCABLES 2002-07-01
UNIVPHOTO 2020-02-14
UNOMINDA 2007-02-02
UPL 2002-07-01
URAVIDEF 2018-04-13
URBANCO 2025-09-17
URJA 2017-03-28
USHAMART 2002-01-01
USK 2023-04-03
UTIAMC 2020-10-13
UTKARSHBNK 2023-07-21
UTLSOLAR 2025-11-20
UTTAMSUGAR 2006-04-10
UYFINCORP 2024-10-03
V2RETAIL 2007-07-04
VADILALIND 2011-06-15
VAIBHAVGBL 2004-04-06
VAISHALI 2017-08-22
VAKRANGEE 2006-04-03
VALIANTLAB 2023-10-06
VALIANTORG 2020-10-05
VAML 2026-06-15
VARDHACRLC 2003-09-30
VARDMNPOLY 2002-08-12
VARROC 2018-07-09
VASCONEQ 2010-02-15
VASWANI 2011-10-24
VBL 2016-11-08
VCL 2022-04-19
VEDL 1996-01-01
VEDPOWER 2026-06-15
2250/2372 completed
VEEDOL 2007-01-16
VELJAN 2026-04-20
VENKEYS 2002-07-01
VENTIVE 2024-12-30
VENUSPIPES 2022-05-24
VENUSREM 2006-12-20
VERANDA 2022-04-11
VERTOZ 2017-11-24
VESUVIUS 2002-07-01
VETO 2015-04-29
VGL 2006-11-21
VGUARD 2008-03-13
VHL 2002-07-01
VHLTD 2007-08-21
VIDHIING 2016-03-02
VIDYAWIRES 2025-12-10
VIJAYA 2021-09-14
VIJIFIN 2016-07-11
VIKASECO 2011-12-12
VIKASLIFE 2019-05-08
VIKRAMSOLR 2025-08-26
VIKRAN 2025-09-03
VIMTALABS 2005-12-15
VINATIORGA 2009-07-28
VINCOFE 2024-10-18
VINDHYATEL 2002-07-01
VINEETLAB 2021-06-15
VINNY 2018-10-26
VINYLINDIA 2008-01-01
VIPCLOTHNG 2007-08-06
VIPIND 2002-07-01
VIPULLTD 2010-01-08
VIRINCHI 2023-05-03
VISACHROME 2006-03-17
VISAKAIND 2002-07-01
VISHNU 2015-03-05
VISHWARAJ 2019-10-15
VISL 2026-06-15
VITAL 2022-11-14
VIVIANA 2022-09-16
VIVIDHA 2013-05-21
VIVIMEDLAB 2005-08-17
VIYASH 2016-03-10
VLEGOV 2023-08-14
VLSFINANCE 2002-06-26
VMART 2013-02-20
VMM 2024-12-18
VMSTMT 2025-09-24
VOGL 2026-06-15
VOLTAMP 2006-09-20
2300/2372 completed
VOLTAS 2002-07-01
VPRPL 2023-09-05
VRAJ 2024-07-03
VRLLOG 2015-04-30
VSSL 2012-05-17
VSTIND 2002-07-01
VSTL 2024-02-20
VSTTILLERS 2011-06-20
VTL 2002-07-01
WAAREEENER 2024-10-28
WAAREEINDO 2010-09-29
WAAREERTL 2025-04-09
WABAG 2010-10-13
WAKEFIT 2025-12-15
WALCHANNAG 2002-07-01
WANBURY 2007-01-29
WCIL 2024-09-24
WEALTH 2017-03-21
WEBELSOLAR 2007-05-15
WEIZMANIND 2002-07-02
WEL 2019-08-22
WELCORP 2000-06-23
WELENT 2004-11-04
WELINV 2003-12-04
WELSPLSOL 2026-04-21
WELSPUNLIV 2003-12-04
WENDT 2006-08-07
WESTLIFE 2019-08-19
WEWIN 2018-07-06
WEWORK 2025-10-10
WHEELS 2002-07-01
WHIRLPOOL 2002-08-12
WILLAMAGOR 2002-07-01
WINDLAS 2021-08-16
WINDMACHIN 2002-08-12
WINSOME 2002-07-01
WIPL 2017-04-18
WIPRO 1996-01-01
WOCKPHARMA 2002-07-01
WONDERLA 2014-05-09
WORTHPERI 2017-09-27
WPIL 2026-04-20
WSI 2007-08-01
WSTCSTPAPR 2002-07-01
XCHANGING 2005-03-09
XELPMOC 2019-02-04
XPROINDIA 2004-04-27
XTGLOBAL 2024-09-16
YASHO 2023-08-21
YATHARTH 2023-08-07
2350/2372 completed
YATRA 2023-09-28
YESBANK 2005-07-12
YUKEN 2021-09-02
ZAGGLE 2023-09-22
ZEEL 2002-07-01
ZEELEARN 2010-12-20
ZEEMEDIA 2002-08-12
ZENITHEXPO 2002-07-02
ZENITHSTL 2007-04-30
ZENSARTECH 2002-07-01
ZENTEC 2015-03-30
ZFCVINDIA 2002-08-12
ZFSTEERING 2026-04-21
ZIMLAB 2022-11-25
ZODIAC 2017-12-05
ZODIACLOTH 2002-07-01
ZOTA 2017-05-10
ZSARACOM 2026-04-20
ZUARI 2012-11-27
ZUARIIND 2002-07-01
ZYDUSLIFE 2000-04-27
ZYDUSWELL 2009-11-13
IPO SUCCESS

==================================================
LATEST_INDICATORS STARTED
==================================================
LATEST INDICATORS: 2395
LATEST_INDICATORS SUCCESS

DAILY UPDATE COMPLETED
